,compound,negative,neutral,positive,tweet,tweet_time,user
0,0.0,0.0,1.0,0.0,üáÆüá™ This 800-year-old hotel in Ireland is simply incredible.  #AmazingHotels https://t.co/OAKKCsexPW,2018-03-28 18:00:05+00:00,BBC
1,0.296,0.0,0.891,0.109,"üìö 'Words do not live in dictionaries. They live in the mind.'

Hear the only surviving recording of #VirginiaWoolf,‚Ä¶ https://t.co/Puwg8Mve7N",2018-03-28 17:00:12+00:00,BBC
2,-0.8225,0.312,0.688,0.0,The government rates the global outbreak of a deadly flu virus as a major threat to the UK. But how are flu vaccine‚Ä¶ https://t.co/wzMylfDBrP,2018-03-28 16:30:00+00:00,BBC
3,0.0,0.0,1.0,0.0,Slacking off in Dubai. https://t.co/a3oSKIxfSK,2018-03-28 16:00:10+00:00,BBC
4,0.7506,0.0,0.72,0.28,RT @BBCTheOneShow: The fantastic @george_ezra warming up with a quick cuppa after sound check. Join us at 7pm where he‚Äôll be performing liv‚Ä¶,2018-03-28 15:35:27+00:00,BBC
5,0.0,0.0,1.0,0.0,"Two-thirds of drivers say they are ""regularly dazzled"" by oncoming headlights. üöò https://t.co/gwSgpsP6xx https://t.co/i9m9ph8QM1",2018-03-28 13:32:04+00:00,BBC
6,-0.3182,0.113,0.887,0.0,"The Masked Plumber is back. 
And this time, he wants to show you how to unblock a sink trap. https://t.co/t1NIgRpZnO",2018-03-28 12:26:01+00:00,BBC
7,0.0,0.0,1.0,0.0,RT @bbceurovision: We are starting a #Eurovision 2018 group chat. The tea from when @surieofficial met @saaraaalto üëâ https://t.co/c3PuiYT6S‚Ä¶,2018-03-28 11:50:54+00:00,BBC
8,0.0,0.0,1.0,0.0,"RT @BBCR1: ""Last night I did have a very, very large bra, and it was very, very sweaty.""

@JaredLeto lets @Grimmers know about what gets th‚Ä¶",2018-03-28 11:49:07+00:00,BBC
9,0.0,0.0,1.0,0.0,"RT @BBCRadio4: Listen to the first three episodes of The Hitchhiker's Guide to the Galaxy: Hexagonal Phase now.

https://t.co/GdvQZf3ijv

#‚Ä¶",2018-03-28 11:47:35+00:00,BBC
10,-0.34,0.098,0.902,0.0,"RT @bbcworldservice: Do you say fireman or firefighter? The woman in charge of the London Fire Brigade, Dany Cotton, says 'fireman' is sexi‚Ä¶",2018-03-28 11:47:08+00:00,BBC
11,0.0,0.0,1.0,0.0,RT @BBCBreakfast: Take a look at this if you're wondering WHO PAYS for running the new plastic bottle and can deposit scheme: https://t.co/‚Ä¶,2018-03-28 11:45:32+00:00,BBC
12,0.0,0.0,1.0,0.0,RT @BBCNewsround: Some advice from children on what NOT to say to people with an #invisiblecondition https://t.co/mGUj3TWB2J #Dynamo https:‚Ä¶,2018-03-28 11:42:34+00:00,BBC
13,0.3182,0.056,0.837,0.108,‚ôªÔ∏èüëõ People in England will soon have to pay a deposit when they buy drinks bottles and cans in a bid to boost recyc‚Ä¶ https://t.co/qyKBqES5b3,2018-03-28 11:30:09+00:00,BBC
14,0.0,0.0,1.0,0.0,"üò≤ Scientists in Australia have discovered the remains of a mummy in a 2,500-year-old coffin that was previously cla‚Ä¶ https://t.co/2S4q2mDImu",2018-03-28 11:04:03+00:00,BBC
15,0.0,0.0,1.0,0.0,"RT @bbcthree: In our latest doc, we investigate allegations that R Kelly has been training a 14-year-old girl to be one his sex ""pets"" http‚Ä¶",2018-03-28 10:53:47+00:00,BBC
16,-0.3612,0.135,0.865,0.0,Tickling sticks have been placed on statues in Liverpool ahead of Sir Ken Dodd's funeral. https://t.co/pPGGg07ZQi https://t.co/LSwzv5Qipw,2018-03-28 10:33:03+00:00,BBC
17,0.0,0.0,1.0,0.0,üõÅüê§ Are your bathroom toys in-fact DEADLY? üò± https://t.co/YrtMOzTvrb,2018-03-28 09:53:41+00:00,BBC
18,0.0,0.0,1.0,0.0,"RT @bbcarts: Andrew Scott, as Hamlet, performs the opening lines of #Shakespeare's most famous soliloquy. Watch the full production at 9pm,‚Ä¶",2018-03-28 09:14:19+00:00,BBC
19,-0.7351,0.256,0.744,0.0,"‚ù§Ô∏è After seeing her brother's struggles with depression, Luli's on a mission to break the stigma in the black commu‚Ä¶ https://t.co/kl1ak4Gu6w",2018-03-28 08:00:02+00:00,BBC
20,-0.25,0.192,0.692,0.115,"üò§ Feeling moody? 
Your gut bacteria might be to blame...
üëâ https://t.co/2oPWKjf4D2 https://t.co/Xr5MwczfGR",2018-03-28 07:30:05+00:00,BBC
21,-0.4588,0.176,0.824,0.0,"'I made a decision to not be unbelievably busy.'

@Meshel_Laurie on beating busyness with Buddhism. https://t.co/7ynSgadRyq",2018-03-28 07:00:02+00:00,BBC
22,0.0,0.0,1.0,0.0,"When mother Marie mysteriously leaves the family home, the repercussions are enormous.

#ComeHome | 9pm | @BBCOne |‚Ä¶ https://t.co/S4JgnzQlAx",2018-03-27 18:30:07+00:00,BBC
23,0.2942,0.0,0.872,0.128,"üá©üá™üòÇ Even if you don't speak German, this is worth watching until the end! 
#LiveAtTheApollo https://t.co/J3l8oToRbk",2018-03-27 18:00:08+00:00,BBC
24,0.0,0.0,1.0,0.0,"üçú We've got oodles of noodles with recipes for pad Thai, chow mein, ramen, pho and stir-fries.
üëâ‚Ä¶ https://t.co/JWfrcIhn2X",2018-03-27 17:00:07+00:00,BBC
25,0.0,0.0,1.0,0.0,üò¨ What does Facebook know about you? https://t.co/lG4ffeCG09,2018-03-27 16:00:15+00:00,BBC
26,0.6114,0.0,0.75,0.25,RT @BBCTwo: Happy #WorldTheatreDay! *leaves this here and runs away* @SaraPascoe üé≠üòÇ https://t.co/3XlEb5gr15,2018-03-27 15:40:40+00:00,BBC
27,0.0,0.0,1.0,0.0,"RT @BBCScotland: Meet the master of the radiator harp

@DaftLimmy returns to BBC Scotland on Thursday 5 April. https://t.co/G7mjFEJx6k",2018-03-27 15:38:26+00:00,BBC
28,-0.3064,0.134,0.866,0.0,RT @bbcthree: 12-year-old Keilan has very severe curvature of the spine. He needs surgery ASAP but the 5 hour operation could leave him par‚Ä¶,2018-03-27 15:36:22+00:00,BBC
29,0.0,0.0,1.0,0.0,"RT @bbccomedy: Cathy, master of shade. #Mum https://t.co/VjC2ttkaNF",2018-03-27 15:33:24+00:00,BBC
30,0.0,0.0,1.0,0.0,"RT @BBCR1: (‚Ä¢_‚Ä¢)
&lt;)   )‚ïØwho
 /    \ 

  (‚Ä¢_‚Ä¢)
 \(   (&gt; bit
  /    \

 (‚Ä¢_‚Ä¢)
&lt;)   )‚ïØBeyonc√©? 
 /    \ 

https://t.co/7hQd9mcKUY",2018-03-27 15:26:23+00:00,BBC
31,-0.5994,0.14,0.86,0.0,"RT @BBCWorld: It's 50 years since the death of Yuri Gagarin, the Russian cosmonaut who was the first man to travel into space üë®‚ÄçüöÄ https://t‚Ä¶",2018-03-27 14:30:37+00:00,BBC
32,0.0,0.0,1.0,0.0,‚ù§Ô∏è The first polar bear cub to be born in the UK for 25 years has been filmed adapting to its surroundings. https://t.co/EsxbH18cN5,2018-03-27 13:33:01+00:00,BBC
33,0.0,0.0,1.0,0.0,The ancient Greeks thought a life of ‚Äòconstant leisure‚Äô was the highest life you could live. https://t.co/sascCq8iks,2018-03-27 12:00:08+00:00,BBC
34,0.0,0.0,1.0,0.0,"There's over 50 classic cookery shows being served up on @BBCiPlayer this #EasterWeekend. 
üëâ https://t.co/CKECZMGmx8 https://t.co/j3RfAYQvTI",2018-03-27 11:05:06+00:00,BBC
35,0.25,0.0,0.875,0.125,"üé≠ @MargotRobbie is planning a new TV series, which will give Shakespeare plays a 'female perspective'.
üëâ‚Ä¶ https://t.co/pTLXfve0ds",2018-03-27 11:00:06+00:00,BBC
36,0.0,0.0,1.0,0.0,"üöÄüåé 'Mad' Mike Hughes flew his home-made rocket to try and 'prove' the earth is flat. 

üö® SPOILER: it's not.  https://t.co/f5oNRItwyq",2018-03-27 09:52:08+00:00,BBC
37,0.0,0.0,1.0,0.0,"RT @BBCTwo: Now we've got our country back... what actually is it? ü§î

#CunkOnBritain starts Tuesday 3 April, 10pm, @BBCTwo. @missdianemorga‚Ä¶",2018-03-27 09:40:22+00:00,BBC
38,0.4019,0.0,0.876,0.124,RT @BBCBreakfast: A team of abseilers have been roped in to give Cheddar Gorge in Somerset an extreme spring clean. https://t.co/iYmkiizeRi,2018-03-27 09:39:23+00:00,BBC
39,0.0,0.0,1.0,0.0,"RT @BBCR1: We can't get enough of @george_ezra's Live Lounge üòç

Watch him perform 'Paradise' and cover 'These Days' right here üëâhttps://t.c‚Ä¶",2018-03-27 09:38:59+00:00,BBC
40,0.5994,0.0,0.843,0.157,"RT @bbcgetinspired: Check out @JesseLingard and some of his @PremierLeague mates showing us their super moves. üï∫üèª 

Show us yours with #sup‚Ä¶",2018-03-27 09:36:48+00:00,BBC
41,0.0,0.0,1.0,0.0,"When this woman visited an uninhabited Caribbean island, the last thing she expected was to find it covered in plas‚Ä¶ https://t.co/cpKW9tl61v",2018-03-27 08:00:04+00:00,BBC
42,0.0,0.0,1.0,0.0,"About 700,000 people in the UK are on the autism spectrum, with five times as many males as females being diagnosed‚Ä¶ https://t.co/PXJMuG76Tn",2018-03-27 07:30:04+00:00,BBC
43,-0.4588,0.124,0.827,0.049,"The number of children living in relative poverty in the UK has risen to 4.1m. 

This is the story of Tyler, one of‚Ä¶ https://t.co/xFtEAjBTXC",2018-03-27 07:00:08+00:00,BBC
44,-0.6249,0.194,0.806,0.0,"Filmed in Nottingham during the worst winter for the NHS on record, groundbreaking series #Hospital returns tonight‚Ä¶ https://t.co/PVSIcvCGc9",2018-03-26 19:03:02+00:00,BBC
45,0.7783,0.0,0.688,0.312,"Tonight, George Alagiah explores the fascinating history of Queen Elizabeth II and her beloved Commonwealth. 

The‚Ä¶ https://t.co/xXer4FRyTq",2018-03-26 18:24:04+00:00,BBC
46,0.0,0.0,1.0,0.0,üê∂üòÇ It was a Dachsh(und) to the finish line. https://t.co/7VvkU5GfUg,2018-03-26 17:30:04+00:00,BBC
47,0.5859,0.0,0.787,0.213,"‚úàÔ∏è Joy and Mary flew WW2 planes before any navigation system was installed.
#RAFat100 https://t.co/yxNMblfTEf",2018-03-26 16:25:02+00:00,BBC
48,-0.3818,0.161,0.744,0.095,"Tom Cruise stars in a remake of the 1953 adaptation of HG Wells‚Äôs classic novel. üçø

War of the Worlds | @BBCiPlayer‚Ä¶ https://t.co/h19JvTlFSA",2018-03-26 15:45:04+00:00,BBC
49,0.0,0.0,1.0,0.0,"In her role as head of the Commonwealth, the Queen embarked on her first tour of the nations in 1953.

But by 1970‚Ä¶ https://t.co/Av61bahNZF",2018-03-26 15:11:57+00:00,BBC
50,0.0,0.0,1.0,0.0,"Never let a squirrel nibble your nobble... üéàüêøüò±
https://t.co/cHm9m6At3m",2018-03-26 12:58:02+00:00,BBC
51,0.4404,0.0,0.828,0.172,Apple wants to introduce new emojis to better represent people with disabilities. ‚ù§Ô∏èÔ∏è https://t.co/CcJfojmtTa https://t.co/ZRdEhVPMEm,2018-03-26 11:48:03+00:00,BBC
52,-0.5106,0.163,0.837,0.0,"A crack that opened up in Kenya‚Äôs Rift Valley, damaging a section of the Narok-Nairobi highway, is still growing... https://t.co/T5YocDauYj",2018-03-26 11:00:05+00:00,BBC
53,-0.128,0.07,0.93,0.0,"From hot cross bun gin to Creme Egg Yorkshire pudding, this year‚Äôs Easter treats are bigger, weirder and more decad‚Ä¶ https://t.co/HvDJmgcB5q",2018-03-26 10:00:07+00:00,BBC
54,0.4588,0.0,0.864,0.136,RT @bbcpress: Sue Perkins will return to host the 2018 #BAFTA TV awards on Sunday 13 May on @BBCOne. https://t.co/pieSWNAGbH,2018-03-26 09:35:06+00:00,BBC
55,0.3182,0.0,0.753,0.247,"üòÇ @BillBailey is NOT a fan of taramasalata. #Room101 

https://t.co/soAAz27c0C",2018-03-26 09:33:01+00:00,BBC
56,0.0,0.0,1.0,0.0,"The kiwi bird's egg is so large, it takes almost ten days to lay! üê¶ü•öüò≥  #DavidAttenboroughsNaturalCuriosities
https://t.co/AkZqK9vzZZ",2018-03-26 09:04:01+00:00,BBC
57,0.5819,0.0,0.818,0.182,"ü§îWhy do so many celebrities decide to enter politics?

Some have done so more successfully than others...‚Ä¶ https://t.co/MkEDpSeLMJ",2018-03-26 08:29:04+00:00,BBC
58,0.2263,0.09,0.749,0.161,"Wishing you could get out of bed just that little bit earlier? üò¥

If you need some motivation to set that alarm, he‚Ä¶ https://t.co/zsisa2oA4s",2018-03-26 07:30:10+00:00,BBC
59,0.128,0.077,0.821,0.101,"Could this be an answer to global water shortages? üèúüíß This machine creates water out of thin air. 

https://t.co/caz4nXMJg5",2018-03-25 19:44:01+00:00,BBC
60,-0.7506,0.286,0.714,0.0,"Tonight, @regyates meets people whose lives have been devastated by the Grenfell fire. 

Reggie Yates: Searching fo‚Ä¶ https://t.co/HPgtcZuHte",2018-03-25 19:15:06+00:00,BBC
61,0.5719,0.0,0.837,0.163,"Tonight, @mcgregor_ewan and @McgColin celebrate the centenary of the Royal Air Force. 

RAF at 100 with Ewan and Co‚Ä¶ https://t.co/nF2iwBP51b",2018-03-25 18:40:04+00:00,BBC
62,0.0,0.0,1.0,0.0,The first ever statue of David Bowie has been unveiled in the town where he debuted Ziggy Stardust. ‚ö°Ô∏è‚Ä¶ https://t.co/lFgROYVkv1,2018-03-25 18:13:03+00:00,BBC
63,0.5267,0.0,0.815,0.185,"When you're enjoying being single and people just can't deal with it. üôÑüòÇ @kathbum #LiveAtTheApollo 

https://t.co/byHMHWyhPq",2018-03-25 17:30:07+00:00,BBC
64,0.4588,0.0,0.833,0.167,"üá∫üá∏üèùüá¨üáß Welcome to Tangier Island, the tiny US island where people speak with a British accent.‚Ä¶ https://t.co/1RoM285gRJ",2018-03-25 15:03:03+00:00,BBC
65,0.0,0.0,1.0,0.0,"üí¨ We could listen to him speak all day. 

üìΩ Sir David Attenborough's voice was just as iconic in the 60s as it is t‚Ä¶ https://t.co/zYi3oK5C13",2018-03-25 14:30:02+00:00,BBC
66,0.1779,0.0,0.909,0.091,"Predictions suggest a build-up of about 80,000 tonnes of plastic in the Pacific Ocean is growing rapidly. ‚ôªÔ∏èüåäüíî‚Ä¶ https://t.co/uKD9BQWmUi",2018-03-25 14:09:03+00:00,BBC
67,0.5574,0.0,0.816,0.184,"üëΩ‚ú®üõ∏ @prattprattpratt stars as a happy-go-lucky hero who joins forces with an unlikely group of aliens. 

Guardians‚Ä¶ https://t.co/B9W7kRZ1Qz",2018-03-25 13:03:04+00:00,BBC
68,0.0,0.0,1.0,0.0,"Weighing just 100g, a newborn panda is one 900th the size of its mum! üêºüíï #DavidAttenboroughsNaturalCuriosities https://t.co/nKLQh03DJs",2018-03-25 12:03:02+00:00,BBC
69,0.0,0.0,1.0,0.0,üêüMeet SoFi - the soft robot fish developed by MIT to swim among real fish in coral reefs and around the ocean to he‚Ä¶ https://t.co/HDa7q7WsHf,2018-03-25 10:30:04+00:00,BBC
70,-0.3612,0.161,0.839,0.0,"Ever wondered what made you feel moody? It might be your gut.

üëâ https://t.co/l8oMv5gPN2 https://t.co/vq2yhtBOAn",2018-03-25 09:30:15+00:00,BBC
71,0.5719,0.0,0.764,0.236,"RT @BBCScotland: Up your brunch game with perfect poached eggs.

via @bbcthesocial https://t.co/1imXNeOZ9d",2018-03-25 08:43:31+00:00,BBC
72,-0.4019,0.101,0.899,0.0,"RT @bbcweather: #Winter may not be done with us yet, as colder continental air fights back against milder maritime air across the UK this w‚Ä¶",2018-03-25 08:43:26+00:00,BBC
73,0.0,0.0,1.0,0.0,RT @BBCSport: A simply astonishing confession from Australia captain Steve Smith and batsman Cameron Bancroft üò≥ https://t.co/YaE7fBZamq,2018-03-25 08:43:22+00:00,BBC
74,-0.25,0.153,0.743,0.104,A woman who drinks 30 cans a day says her addiction to energy drinks is worse than gambling.‚Ä¶ https://t.co/d11ATW0F0f,2018-03-25 08:00:12+00:00,BBC
75,0.0,0.0,1.0,0.0,You learn something new every day. Here's how to poo a baby jaguar. ü§∑üí©#BigCatsAboutTheHouse https://t.co/Eg5rF1414b,2018-03-25 07:34:02+00:00,BBC
76,-0.4215,0.141,0.859,0.0,When the clocks have gone forward but there's no way you're getting out of bed yet. üôÖ‚Äç‚ôÇÔ∏è‚è∞#DaylightSavings https://t.co/cHBPV3ITsQ,2018-03-25 07:02:00+00:00,BBC
77,-0.3818,0.115,0.885,0.0,"""I still see people screaming for help.""

This Sunday at 9pm on @BBCTwo, @REGYATES meets the people whose lives wer‚Ä¶ https://t.co/RS16yXF17H",2018-03-24 20:34:01+00:00,BBC
78,0.4767,0.0,0.866,0.134,"The story of the last decade of Picasso's life, through the words of family and friends. üé®

Picasso's Last Stand |‚Ä¶ https://t.co/RyiuI8KgSk",2018-03-24 20:00:11+00:00,BBC
79,0.5859,0.0,0.817,0.183,"""Beauty is your inside, it's your personality and what shines from beneath."" 

25-year-old rapper Paigey Cakey had‚Ä¶ https://t.co/CVGr69Y0oO",2018-03-24 19:16:04+00:00,BBC
80,0.5719,0.0,0.748,0.252,Cambridge have won the men's and women's Boat Races. https://t.co/COTzXYuo4N üèÜ üö£ #BoatRace2018 https://t.co/6SQjF1ToSt,2018-03-24 18:44:04+00:00,BBC
81,0.3182,0.0,0.777,0.223,"üì∫üòÇ @RomeshRanga is NOT a fan of Gogglebox. #LiveAtTheApollo
https://t.co/FHm9g6Emss",2018-03-24 18:02:01+00:00,BBC
82,0.0,0.0,1.0,0.0,"When proposals go wrong... üò≥üíç #Doodlebugs 
https://t.co/8Yi6giWO3S",2018-03-24 17:01:01+00:00,BBC
83,0.2732,0.083,0.788,0.129,"Writer Sara Maitland has lived alone in rural Scotland for 20 years. 

Here are seven valuable life lessons we can‚Ä¶ https://t.co/2eAqUlnwuA",2018-03-24 15:30:10+00:00,BBC
84,-0.0772,0.15,0.719,0.131,ü§≥How an Instagram video lost me my dream job in fashion: https://t.co/72yWgHdc1k https://t.co/fl3DxMcIL5,2018-03-24 15:00:06+00:00,BBC
85,0.0,0.0,1.0,0.0,üö£ @clarebalding is live from the River Thames as @UniofOxford and @Cambridge_Uni  meet for one of the most iconic e‚Ä¶ https://t.co/Ls9rtIYov4,2018-03-24 14:01:47+00:00,BBC
86,0.296,0.0,0.845,0.155,RT @bbcthree: The barber helping men with dementia relive their younger lives. https://t.co/p8axQVK836,2018-03-24 14:01:32+00:00,BBC
87,0.0,0.0,1.0,0.0,"Which animals are likely to become extinct in your lifetime? ü¶èüíî
https://t.co/9KwlmcNrWV",2018-03-24 13:03:01+00:00,BBC
88,0.1867,0.0,0.902,0.098,"Don't miss the highlights from the Gymnastics World Cup! ü§∏ü§∏‚Äç‚ôÄÔ∏èüá¨üáß

World Cup Gymnastics | @BBCOne | 2:05pm |‚Ä¶ https://t.co/7mpufyeEMo",2018-03-24 12:33:04+00:00,BBC
89,0.0,0.0,1.0,0.0,"How much do you know about horses? Take this quiz to see if you are an equestrian expert‚Ä¶üê¥

https://t.co/ChGCB9Xi1W https://t.co/P9UgJ99nsx",2018-03-24 11:29:04+00:00,BBC
90,0.4215,0.0,0.833,0.167,"Meet Hester, the 10-year-old visually impaired skier who's hoping for Paralympic gold one day. ‚õ∑ü•áhttps://t.co/6aiUaTc3yS",2018-03-24 10:31:01+00:00,BBC
91,0.5411,0.0,0.857,0.143,"""The enthusiastic viewer should feel he is almost the man on the spot!"" 

In 1949, the BBC announced it would telev‚Ä¶ https://t.co/WEoPpkrW1V",2018-03-24 10:03:01+00:00,BBC
92,0.0,0.0,1.0,0.0,RT @BBCNewsNI: Prince Harry and Meghan Markle are visiting Northern Ireland https://t.co/ODxLd1LIr8 https://t.co/s0zPTXj3Tk,2018-03-24 09:42:34+00:00,BBC
93,0.0,0.0,1.0,0.0,"RT @bbcf1: Lewis Hamilton took the first pole of the season in spectacular style ‚ö°Ô∏è

https://t.co/a7YDOx0FlQ",2018-03-24 09:32:59+00:00,BBC
94,0.4995,0.0,0.867,0.133,"RT @sportrelief: A humongous THANK YOU to everyone who has taken part, fund-raised &amp; watched over the past weeks &amp; tonight. The #SportRelie‚Ä¶",2018-03-24 09:31:30+00:00,BBC
95,0.128,0.065,0.85,0.085,RT @sportrelief: The nation has joined together for this year's #SportRelief pulling out all the stops to make their steps count. Well done‚Ä¶,2018-03-24 09:31:26+00:00,BBC
96,0.0,0.0,1.0,0.0,ü•ëA Cultural history of the avocado: https://t.co/jo1UyWlVw7 https://t.co/7VF6pBpG57,2018-03-24 09:30:13+00:00,BBC
97,0.0,0.0,1.0,0.0,"Meet Alexandre, one of the only male performers of ‚Äòbaladi‚Äô ‚Äì also known as belly dancing ‚Äì in the Middle East. üé∂

 https://t.co/K12N1Y6PU7",2018-03-24 08:33:02+00:00,BBC
98,0.0,0.0,1.0,0.0,"RT @BBCOne: .@GaryLineker, @OreOduba, @ThisisDavina &amp; more kick off the biggest ever night of #SportRelief now on @bbcone. @sportrelief 
Fo‚Ä¶",2018-03-23 19:07:00+00:00,BBC
99,-0.296,0.136,0.864,0.0,From @taylorswift13 to @Beyonce: these are the secretive musicians who avoid interviews. üé§ü§ê https://t.co/nqOmaVMzoo https://t.co/sbDga7L5cp,2018-03-23 18:03:04+00:00,BBC
100,0.3818,0.108,0.68,0.212,Count on Entertainer Of The Year nominee @LukeBryanOnline to crash the party with an epic performance at the 53rd‚Ä¶ https://t.co/27ua60HTqu,2018-03-27 21:00:01+00:00,CBS
101,0.296,0.0,0.901,0.099,Join @eltonofficial and some of today's hottest names in music when they take the stage to perform his most memorab‚Ä¶ https://t.co/jz0jaShZIj,2018-03-27 17:00:00+00:00,CBS
102,0.508,0.0,0.88,0.12,"RT @ACMawards: The ACM for New Vocal Group of the Year goes to @MidlandOfficial! And yes, that really was @Reba on the phone! #ACMawards ht‚Ä¶",2018-03-26 22:14:25+00:00,CBS
103,0.0,0.0,1.0,0.0,"RT @ACMawards: In case you didn‚Äôt know, the ACM for New Male Vocalist of the Year goes to @BrettYoungMusic. Check out his reaction when @Re‚Ä¶",2018-03-26 20:42:48+00:00,CBS
104,0.7959,0.0,0.786,0.214,RT @ACMawards: Over the weekend @Reba called the ACM New Artist of the Year winners to let them know they had won! Let‚Äôs just say our New F‚Ä¶,2018-03-26 16:59:19+00:00,CBS
105,0.807,0.0,0.622,0.378,"Congratulations to the 53rd #ACMawards New Artist winners @Lauren_Alaina, @MidlandOfficial, and @BrettYoungMusic! W‚Ä¶ https://t.co/Fr8H4arwGj",2018-03-26 16:05:18+00:00,CBS
106,0.0,0.0,1.0,0.0,New start times in East/Central Time Zones #60Minutes 7:35ET/6:35CT #Instinct  8:35ET/7:35CT #NCISLA 9:35ET/8:35CT‚Ä¶ https://t.co/8W5hAeLrvs,2018-03-25 23:57:34+00:00,CBS
107,0.5319,0.062,0.78,0.157,Don‚Äôt miss a minute of the action. Stream the¬†Elite Eight¬Æ¬†games LIVE today starting at 2PM ET with a FREE trial of‚Ä¶ https://t.co/8NwU8HdiHR,2018-03-25 17:15:25+00:00,CBS
108,0.5399,0.0,0.801,0.199,RT @MomCBS: That's a wrap on the #Mom panel at #PaleyFest! Thanks for following along! https://t.co/we4JgqPt6P,2018-03-24 22:46:53+00:00,CBS
109,-0.34,0.185,0.7,0.115,RT @MomCBS: A fan just commented that #Mom helped bring him out of a deep depression. üíúüíúüíú #PaleyFest,2018-03-24 22:46:43+00:00,CBS
110,0.7003,0.0,0.791,0.209,"RT @MomCBS: ""Go out for it anyway. If you're good for the role, you're good for the role."" @theJaimePressly's advice for aspiring actors wi‚Ä¶",2018-03-24 22:25:03+00:00,CBS
111,0.0,0.0,1.0,0.0,RT @MomCBS: Mom Co-Creator @GemmaRBaker just pointed out her own #Mom in the audience at #PaleyFest! üíú,2018-03-24 22:21:37+00:00,CBS
112,0.0,0.0,1.0,0.0,"RT @MomCBS: ""I'm not someone in recovery who goes to AA, but I have taken so much away from it...to take one day at a time."" - @theJaimePre‚Ä¶",2018-03-24 22:21:34+00:00,CBS
113,0.7184,0.0,0.667,0.333,"RT @MomCBS: ""You get to appreciate working with such talented people."" - @AnnaKFaris #Mom #PaleyFest",2018-03-24 22:21:26+00:00,CBS
114,0.9451,0.0,0.58,0.42,RT @MomCBS: ‚ÄúI love this job. I love working with these women. I love working in front of the live audience‚Ä¶ It‚Äôs alive and it‚Äôs fun.‚Äù - @A‚Ä¶,2018-03-24 22:21:23+00:00,CBS
115,0.0,0.0,1.0,0.0,"Get on your feet for @Jason_Aldean, @ThomasRhett, @ChrisStapleton, @KeithUrban, and @ChrisYoungMusic, the five nomi‚Ä¶ https://t.co/oT5ogjdj4x",2018-03-24 20:00:02+00:00,CBS
116,0.6996,0.0,0.806,0.194,Get ready for some sweet games! Stream #5 Clemson vs #1 Kansas LIVE at 7PM ET and #11 Syracuse vs #2 Duke LIVE at 9‚Ä¶ https://t.co/4WstgrKNnW,2018-03-23 22:33:52+00:00,CBS
117,0.4939,0.0,0.686,0.314,RT @SEALTeamCBS: In honor of #NationalPuppyDay... üòç #SEALTeam https://t.co/4mIZPpiRlU,2018-03-23 22:33:04+00:00,CBS
118,0.8997,0.0,0.645,0.355,"RT @HawaiiFive0CBS: Nothing like a man and his dog! üòçüê∂ Happy #NationalPuppyDay to Eddie, the best pup on the Five-0 Task Force! #H50 https:‚Ä¶",2018-03-23 22:32:48+00:00,CBS
119,0.0,0.0,1.0,0.0,Game on! 16 teams left and the race to the finish continues tonight. Stream #11 Loyola-Chicago vs #7 Nevada LIVE at‚Ä¶ https://t.co/W374rmzzoC,2018-03-22 22:10:29+00:00,CBS
120,0.7081,0.066,0.623,0.311,Save the date! These are season finales you do NOT want to miss. RT if you're excited! https://t.co/UUQoWsPPSh https://t.co/cDl4WmxMtU,2018-03-22 20:52:02+00:00,CBS
121,0.636,0.0,0.802,0.198,Congratulations to all of the @CBSDaytime nominees for the #DaytimeEmmys! See the full list of #DaytimeEmmy nominee‚Ä¶ https://t.co/ivJVJWvfsf,2018-03-22 00:23:38+00:00,CBS
122,0.0,0.0,1.0,0.0,Female Vocalist Of The Year nominee @MarenMorris will show her fans how it‚Äôs done when she takes the stage to showc‚Ä¶ https://t.co/PITjmAoFT8,2018-03-21 18:00:01+00:00,CBS
123,0.5106,0.0,0.858,0.142,The legendary @Reba returns to host the 53rd #ACMawards and she‚Äôs proving just how comfortable she is behind the mi‚Ä¶ https://t.co/XPXcSPRXqC,2018-03-20 20:00:01+00:00,CBS
124,0.0,0.0,1.0,0.0,RT @nancyodell: Told my daughter I'd be presenting at @ACMawards again this year. (Woot woot!We both luv country music!)She took this pic o‚Ä¶,2018-03-20 17:58:43+00:00,CBS
125,0.5562,0.0,0.826,0.174,RT @ladyantebellum: Ecstatic to announce we'll be performing at the #ACMawards in Las Vegas again this year! https://t.co/Qfhs94j6FR,2018-03-20 16:52:42+00:00,CBS
126,0.0,0.0,1.0,0.0,"Country superstars @kennychesney, @ladyantebellum, @blakeshelton, and @KeithUrban have just been added to the stell‚Ä¶ https://t.co/bJ4If7MacP",2018-03-20 16:11:00+00:00,CBS
127,0.7845,0.072,0.619,0.309,"RT @YandR_CBS: Forever evolving, Forever inspiring, Forever Young and Restless. ‚ù§Ô∏è Get ready to celebrate 45 years of #YR starting in just‚Ä¶",2018-03-19 21:02:26+00:00,CBS
128,0.0,0.0,1.0,0.0,New start times in East/Central Time Zones: #60Minutes 7:37ET/6:37CT #Instinct series premiere 8:37ET/7:37CT‚Ä¶ https://t.co/xT3YKqmu2M,2018-03-18 23:44:30+00:00,CBS
129,0.6514,0.0,0.787,0.213,Spend your Sunday streaming Second Round games LIVE with a FREE trial of CBS All Access! https://t.co/3P85rXLy4b https://t.co/zbWfirD9Ju,2018-03-18 18:05:43+00:00,CBS
130,0.1867,0.0,0.92,0.08,"RT @instinctcbs: TONIGHT, Dr. Dylan Reinhart rewrites the book on abnormal behavior. Don't miss the premiere of #Instinct at 8/7c! https://‚Ä¶",2018-03-18 17:09:53+00:00,CBS
131,0.0,0.0,1.0,0.0,"If any duo knows how to rock the stage, it's @FLAGALine. The Vocal Duo Of The Year nominee will perform live at the‚Ä¶ https://t.co/FknabB8NQp",2018-03-17 19:00:02+00:00,CBS
132,0.6166,0.0,0.839,0.161,How is your bracket looking after last night? Stream Second Round games LIVE today with a FREE trial of CBS All Acc‚Ä¶ https://t.co/25JlIpgwog,2018-03-17 17:42:43+00:00,CBS
133,0.7096,0.0,0.753,0.247,Where better to spend #StPatricksDay than the place everybody knows your name? It‚Äôs just your luck that every singl‚Ä¶ https://t.co/Fom5wmdENL,2018-03-17 14:00:03+00:00,CBS
134,0.296,0.0,0.896,0.104,Stars @JakeMcDorman and Nik Dodani will join the cast in the upcoming revival of Murphy Brown coming to CBS.‚Ä¶ https://t.co/JCAx29lo0i,2018-03-16 22:53:21+00:00,CBS
135,0.0,0.0,1.0,0.0,"RT @thegoodfight: Go behind the scenes with costume designer @DanLawsonStyle in ""Behind The Style,"" a new weekly video series all about the‚Ä¶",2018-03-16 18:15:53+00:00,CBS
136,0.6514,0.0,0.822,0.178,The games have just begun! Continue to stream First Round games LIVE today with a FREE trial of CBS All Access:‚Ä¶ https://t.co/YTGsJ48zYP,2018-03-16 16:28:40+00:00,CBS
137,0.7088,0.0,0.763,0.237,"RT @TheTalkCBS: You asked, we answered! The fun never ends when the ladies #KeepTalking and answer your fan questions üó£üí¨‚û°Ô∏è https://t.co/ie1‚Ä¶",2018-03-15 17:54:06+00:00,CBS
138,-0.4939,0.157,0.766,0.077,RT @instinctcbs: Dr. Dylan Reinhart is lured back into the field from his life of quiet academia when a certain serial killer makes things‚Ä¶,2018-03-15 17:20:26+00:00,CBS
139,0.6514,0.0,0.806,0.194,Stream First Round games LIVE today starting at 12PM ET with a FREE trial of CBS All Access! https://t.co/3P85rXLy4b https://t.co/vZow3YD8cb,2018-03-15 16:42:41+00:00,CBS
140,0.6115,0.0,0.734,0.266,RT @CBSSports: It's the most wonderful time of the year. #MarchMadness https://t.co/e4c9qohqSR,2018-03-15 14:32:16+00:00,CBS
141,0.6696,0.0,0.781,0.219,"Give these ladies some love! @Lauren_Alaina, @DBradbery, @carlypearce, and @RaeLynn are nominated for New Female Vo‚Ä¶ https://t.co/IVhwURfJ3S",2018-03-14 19:30:01+00:00,CBS
142,0.3612,0.0,0.857,0.143,"RT @ManWithAPlan: Hungry for more #ManWithAPlan bloopers and behind-the-scenes videos featuring cast like @matt_leblanc, @thelizasnyder, @k‚Ä¶",2018-03-13 18:48:52+00:00,CBS
143,0.539,0.0,0.821,0.179,"Music stars @MileyCyrus, @edsheeran, @ladygaga, and more will honor the legendary @eltonofficial and his hit songs‚Ä¶ https://t.co/UzxARCCLnI",2018-03-13 14:15:10+00:00,CBS
144,0.2244,0.0,0.917,0.083,RT @thegoodfight: The verdict is in. The new season of #TheGoodFight is üî•üî•üî•! Stream it now on CBS All Access: https://t.co/FkYSNSXlRb https‚Ä¶,2018-03-12 18:13:28+00:00,CBS
145,0.0,0.0,1.0,0.0,"RT @MadamSecretary: In less than an hour, #MadamSecretary's Keith Carradine will be taking over the @MadamSecretary Twitter page! Tweet alo‚Ä¶",2018-03-12 01:20:43+00:00,CBS
146,0.4926,0.0,0.883,0.117,RT @DierksBentley: Take and post a photo of the woman in your life who inspires you daily! Use the hashtag #WomanAmenACM in your post for a‚Ä¶,2018-03-09 22:48:26+00:00,CBS
147,0.1275,0.092,0.795,0.113,"RT @MomCBS: If you missed guest star @KChenoweth in the latest episode of #Mom, not to worry! Watch now: https://t.co/RlvXoGOZ0l https://t.‚Ä¶",2018-03-09 22:24:20+00:00,CBS
148,0.4215,0.0,0.823,0.177,"Give a round of applause to @KelseaBallerini, @MirandaLambert, @Reba, @MarenMorris, and @CarrieUnderwood, the five‚Ä¶ https://t.co/Ncp1BTXx6N",2018-03-09 21:10:21+00:00,CBS
149,0.8658,0.0,0.553,0.447,"RT @thegoodfight: Smart, sexy, and sophisticated. See what's coming this season on #TheGoodFight. https://t.co/CuKhx2G50P https://t.co/ygTI‚Ä¶",2018-03-09 18:27:28+00:00,CBS
150,0.0,0.0,1.0,0.0,RT @BlueBloods_CBS: Even stand-up guys fall down sometimes. #BlueBloods is new tonight at 10/9c! https://t.co/UOlDm22wWW,2018-03-09 16:02:27+00:00,CBS
151,0.8625,0.0,0.664,0.336,Today and every day we celebrate the women in our lives who empower and inspire us. Share a story about an¬†influent‚Ä¶ https://t.co/9rVtqrElvT,2018-03-08 18:00:49+00:00,CBS
152,0.4926,0.0,0.868,0.132,Take and post a photo of the woman in your life who inspires you daily! Use the hashtag #WomanAmenACM in your post‚Ä¶ https://t.co/7ShhvE48zy,2018-03-08 17:03:04+00:00,CBS
153,-0.2023,0.23,0.619,0.15,"RT @thegoodfight: Meticulously constructed. Soapy &amp; sexy. Intoxicating, savage television. üî• Here's what critics are saying about #TheGoodF‚Ä¶",2018-03-07 18:39:10+00:00,CBS
154,0.0,0.0,1.0,0.0,"This just in! @Jason_Aldean, @mirandalambert, @LukeBryanOnline, and many more are set to perform at the 53rd Academ‚Ä¶ https://t.co/mfxw2VxzU4",2018-03-07 17:06:02+00:00,CBS
155,0.6705,0.0,0.756,0.244,"Meet the ensemble of talented actors slated to join $1, a new mystery series coming to CBS All Access:‚Ä¶ https://t.co/QoyYv7vxwg",2018-03-06 18:10:59+00:00,CBS
156,0.3818,0.0,0.833,0.167,"Will @Jason_Aldean, @garthbrooks, @LukeBryanOnline, @ChrisStapleton, or @KeithUrban be named Entertainer Of The Yea‚Ä¶ https://t.co/rMD8zjeX3s",2018-03-05 22:16:43+00:00,CBS
157,0.4404,0.0,0.884,0.116,"RT @thegoodfight: It feels good to be back. üë†üíÑüî• The season 2 premiere of #TheGoodFight is now streaming, exclusively on CBS All Access: htt‚Ä¶",2018-03-04 08:05:26+00:00,CBS
158,0.0,0.0,1.0,0.0,"RT @thegoodfight: Tomorrow, #TheGoodFight is back. Stream the season 2 premiere only on CBS All Access: https://t.co/tNFR8LBJO2 https://t.c‚Ä¶",2018-03-03 20:55:20+00:00,CBS
159,0.7096,0.0,0.753,0.247,"Who are the trailblazing women in your life that inspire you? Join CBS and the ANA's #SeeHer initiative, celebratin‚Ä¶ https://t.co/M0KqZ41Bes",2018-03-02 22:30:01+00:00,CBS
160,0.7096,0.0,0.718,0.282,"Join @maria_bello, @aishatyler and @TeaLeoni in celebrating the accomplishments of women who have contributed to th‚Ä¶ https://t.co/MefESBeFL3",2018-03-02 20:30:01+00:00,CBS
161,0.4939,0.0,0.849,0.151,"In honor of Women's History Month, CBS and the Association of National Advertisers' (ANA) #SeeHer initiative will p‚Ä¶ https://t.co/2wtYxKJVuO",2018-03-02 18:45:00+00:00,CBS
162,-0.6981,0.21,0.79,0.0,RT @ZoeListerJones: Tonight‚Äôs an all new Life In Pieces and it‚Äôs directed by my ride or die @nataliaanderson!!!‚Ä¶ https://t.co/2LPfmyLWrY,2018-03-01 18:59:01+00:00,CBS
163,0.4547,0.092,0.749,0.159,"RT @MarenMorris: Hot damn! Woke up from my post-wisdom teeth haze to find out I‚Äôm up for 4 @ACMawards ! So honored, especially for the Dear‚Ä¶",2018-03-01 18:12:57+00:00,CBS
164,0.8591,0.0,0.462,0.538,RT @KelseaBallerini: Ohhhhh goodness. Incredible. Thank you thank you thank you. #female https://t.co/1ZTYjNfQeF,2018-03-01 18:11:50+00:00,CBS
165,0.4885,0.151,0.615,0.234,RT @KeithUrban: ACMs...... HOLY SMOKES!!!!! MAD LOVE TO U ALL THIS MORNING  FOR THESE INCREDIBLE NOMINATIONS. I‚ÄôM EXTREMELY GRATEFUL!!!!!!!‚Ä¶,2018-03-01 18:10:50+00:00,CBS
166,0.5994,0.0,0.822,0.178,"RT @ACMawards: Congratulations to this year‚Äôs #ACMawards Video of the Year nominees:
‚ÄúBlack‚Äù - @DierksBentley
‚ÄúIt Ain‚Äôt My Fault‚Äù - @Brothe‚Ä¶",2018-03-01 14:36:21+00:00,CBS
167,0.7717,0.0,0.675,0.325,"RT @ACMawards: Please give a round of applause to this year‚Äôs #ACMawards Entertainer of the Year nominees: @Jason_Aldean, @GarthBrooks, @Lu‚Ä¶",2018-03-01 14:29:20+00:00,CBS
168,0.6908,0.0,0.725,0.275,".@ChrisStapleton, @ThomasRhett, @mirandalambert and more are all nominated for awards at Country Music's Party of t‚Ä¶ https://t.co/Vm1vXRUDYJ",2018-03-01 14:15:29+00:00,CBS
169,0.0,0.0,1.0,0.0,"The Queen of Country, @Reba, is returning to host the 53rd #ACMawards on Sunday, April 15 at 8/7c. Here are a few o‚Ä¶ https://t.co/Iqzz6Gql01",2018-03-01 13:50:11+00:00,CBS
170,0.0,0.0,1.0,0.0,RT @survivorcbs: It‚Äôs time! #Survivor https://t.co/YPk6cGWrUA,2018-03-01 01:04:52+00:00,CBS
171,0.0,0.0,1.0,0.0,"RT @CBSThisMorning: TOMORROW: The nominees for the 2018 @ACMawards will be announced live by the one-and-only, @Reba! 

Watch on @CBS in ou‚Ä¶",2018-02-28 19:56:58+00:00,CBS
172,0.4404,0.0,0.884,0.116,"RT @thegoodfight: From the set design and costumes to hair and makeup, the production quality is truly next-level. Take a peek inside the u‚Ä¶",2018-02-28 19:08:30+00:00,CBS
173,0.5562,0.0,0.848,0.152,RT @LivinBiblically: The fun continues on Facebook! The #LivingBiblically cast is live to talk about tonight‚Äôs premiere. Tune in here: http‚Ä¶,2018-02-27 03:23:47+00:00,CBS
174,0.0,0.0,1.0,0.0,"RT @KevinCanWaitCBS: Can you get all the way through these #KevinCanWait bloopers without laughing?! @KevinJames,@LeahRemini and the rest o‚Ä¶",2018-02-26 22:50:32+00:00,CBS
175,0.0,0.0,1.0,0.0,"RT @ACMawards: That‚Äôs right! @Reba is headed to @CBSThisMorning on Thursday, March 1 to announce this year‚Äôs #ACMAwards' nominees. Tune in‚Ä¶",2018-02-26 21:08:30+00:00,CBS
176,0.4482,0.0,0.895,0.105,"RT @ScorpionCBS: You can't hack your way to a 197 IQ, but you are well on your way with these Genius Facts from #TeamScorpion! üíª You can be‚Ä¶",2018-02-26 19:53:41+00:00,CBS
177,0.784,0.0,0.734,0.266,RT @SuperiorDonuts: You can always count on @DavidKoechner for a laugh! Did your favorite Tush moment make the list? Catch a new #SuperiorD‚Ä¶,2018-02-26 18:32:36+00:00,CBS
178,0.9359,0.0,0.571,0.429,RT @TheTalkCBS: TODAY: We loved them together then &amp; we love seeing them together now! Welcome back to the show @THESaraGilbert‚Äã's good fri‚Ä¶,2018-02-26 18:20:16+00:00,CBS
179,-0.5423,0.184,0.816,0.0,"RT @thegoodfight: As foundations begin to crumble, our characters struggle to make sense of this new dystopian world. The cast teases what'‚Ä¶",2018-02-26 16:53:56+00:00,CBS
180,0.0,0.0,1.0,0.0,"#LivingBiblically's @linzkraft and @jrfergjr appeared on @KCBS's Facebook Live this morning, talking all about what‚Ä¶ https://t.co/4RebcHuuMQ",2018-02-26 16:52:01+00:00,CBS
181,0.0,0.0,1.0,0.0,"RT @CBSSports: Introducing CBS Sports HQ, a New 24/7 Direct-to-Consumer Streaming Network for Sports News, Highlights, &amp; Analysis.

Stream‚Ä¶",2018-02-26 16:17:55+00:00,CBS
182,0.7644,0.0,0.769,0.231,"RT @CBSBigBrother: It‚Äôs down to the final 5 celebrity Houseguests, and anyone could take home the grand prize! Tune in NOW to watch the #BB‚Ä¶",2018-02-26 01:12:32+00:00,CBS
183,0.0,0.0,1.0,0.0,RT @startrekcbs: Binge the entire first season of #StarTrekDiscovery. All episodes now streaming exclusively on CBS All Access: https://t.c‚Ä¶,2018-02-25 21:51:32+00:00,CBS
184,0.0,0.0,1.0,0.0,"RT @thegoodfight: #TheGoodFight returns in 1 week. Season 2 premieres Sunday, March 4. https://t.co/nomCao1GWp https://t.co/BOn6bOe9Tb",2018-02-25 21:51:22+00:00,CBS
185,0.5093,0.0,0.845,0.155,RT @thegoodfight: This is our new favorite thing. Christine Baranski debuted #TheGoodFight the Musical on @colbertlateshow last night! üéµüé§‚Ä¶,2018-02-23 18:15:40+00:00,CBS
186,0.0,0.0,1.0,0.0,"RT @LivinBiblically: Confession time: have YOU ever hit the ""close door"" button in an elevator while somebody was approaching? The cast of‚Ä¶",2018-02-22 19:26:52+00:00,CBS
187,0.0,0.0,1.0,0.0,RT @CBSEyeSpeak: Mark your calendars! #CBSEyeSpeak kicks off March 14 with The EYE Speak Summit. Follow our page for more details! https://‚Ä¶,2018-02-21 19:20:04+00:00,CBS
188,0.6808,0.0,0.752,0.248,"RT @CBSEyeSpeak: Proud to announce a new CBS initiative, promoting female empowerment and developing the next generation of leaders through‚Ä¶",2018-02-21 18:19:25+00:00,CBS
189,0.4404,0.0,0.884,0.116,"RT @LivinBiblically: When you're living by the Bible, it's good to have a priest and a rabbi on call (provided they answer their phones, th‚Ä¶",2018-02-20 19:55:19+00:00,CBS
190,-0.4019,0.119,0.881,0.0,"RT @thegoodfight: Chicago lawyers are being hunted and the world is going insane. 

The new season of #TheGoodFight premieres Sunday, March‚Ä¶",2018-02-20 17:58:18+00:00,CBS
191,0.3612,0.0,0.872,0.128,Ready for some larger than life competition? This new series from @MarkBurnettTV will premiere in summer 2018.‚Ä¶ https://t.co/gDXHLdIJ5v,2018-02-20 17:39:51+00:00,CBS
192,0.6124,0.0,0.773,0.227,"With tournament dreams on the line, make sure to stream these college basketball matchups on CBS All Access:‚Ä¶ https://t.co/SGkYUZrQWB",2018-02-17 01:07:20+00:00,CBS
193,0.3182,0.0,0.892,0.108,"RT @LivinBiblically: While Chip's sticking to the Bible's original rules, the cast of #LivingBiblically has given them a more modern makeov‚Ä¶",2018-02-16 18:42:43+00:00,CBS
194,0.68,0.0,0.752,0.248,"Casting News! Peter Mark Kendall, Michael Gaston, Greg Wise, Rade ≈†erbed≈æija, Zack Pearlman, and Keye Chen join the‚Ä¶ https://t.co/GFob2KrD8H",2018-02-16 17:48:20+00:00,CBS
195,0.8619,0.0,0.534,0.466,RT @BullCBS: The verdict is in...#Bull is the perfect Valentine! ‚ù§Ô∏è Happy #ValentinesDay! https://t.co/poEejI4AnC,2018-02-14 19:23:27+00:00,CBS
196,0.0,0.0,1.0,0.0,"RT @NoActivityCBS: Car 27 reporting: Season 2 of #NoActivity coming soon!

Binge season one now on CBS All Access: https://t.co/yvxoQMeyhN‚Ä¶",2018-02-13 20:03:56+00:00,CBS
197,0.7506,0.0,0.748,0.252,"RT @LivinBiblically: Against all odds (and the advice of his God Squad), Chip is determined to live life by the Good Book. Think you could‚Ä¶",2018-02-13 18:54:52+00:00,CBS
198,0.0,0.0,1.0,0.0,RT @thegoodfight: Christine Baranski reflects upon the spectacular metamorphosis of her character in #TheGoodFight's first season. Revisit‚Ä¶,2018-02-12 18:49:45+00:00,CBS
199,0.0,0.0,1.0,0.0,RT @startrekcbs: Binge the entire first season of #StarTrekDiscovery. All 15 episodes now streaming on CBS All Access: https://t.co/lKLaptP‚Ä¶,2018-02-12 01:32:33+00:00,CBS
200,-0.5574,0.146,0.854,0.0,"At least 68 people have died in a blaze that engulfed a jail in the Venezuelan city of Valencia, according to the c‚Ä¶ https://t.co/FVr5jPb0kM",2018-03-29 06:43:06+00:00,CNN
201,0.2263,0.135,0.675,0.19,Boy in viral hug photo missing after family's car plunges off cliff https://t.co/nwFQnyi1GS,2018-03-29 06:42:21+00:00,CNN
202,0.0,0.0,1.0,0.0,"13,000-year-old footprints were found off the Canadian coast https://t.co/bOr0PIbBNC https://t.co/TXFETKOcG4",2018-03-29 06:31:05+00:00,CNN
203,0.0,0.0,1.0,0.0,"Kim Jong Un and Moon Jae-in are going to meet on April 27th for the first time since 2007, the two countries announ‚Ä¶ https://t.co/DBjzJS8ErG",2018-03-29 06:24:05+00:00,CNN
204,0.5267,0.182,0.455,0.364,A 12-year-old boy who survived cancer finally got his wish: a kiss from Pope Francis https://t.co/KaRc60GdZu https://t.co/hbxtGVh4cr,2018-03-29 06:16:59+00:00,CNN
205,-0.5267,0.212,0.707,0.082,"Trump's three-front legal war turns on sex, money and Russia | Analysis by @StCollinson https://t.co/WQOP3ShEXE https://t.co/jpwG3XLWym",2018-03-29 06:10:06+00:00,CNN
206,0.0,0.0,1.0,0.0,RT @cnni: Historic meeting of North and South Korean leaders set for April 27th https://t.co/MCWvkJbFcp,2018-03-29 06:07:33+00:00,CNN
207,0.0,0.0,1.0,0.0,"News that Cambridge Analytica, a data firm with ties to President Trump's campaign, reportedly accessed information‚Ä¶ https://t.co/zXJxncqU4g",2018-03-29 06:01:02+00:00,CNN
208,0.0,0.0,1.0,0.0,"Nearly six years after being shot in the face and neck by the Taliban for advocating for the rights of girls, 20-ye‚Ä¶ https://t.co/KczXJChwpU",2018-03-29 05:50:05+00:00,CNN
209,-0.5106,0.171,0.829,0.0,"All 22 Democratic and Republican female senators have written a letter expressing their ""deep disappointment"" in th‚Ä¶ https://t.co/7Nvy0XQNON",2018-03-29 05:46:06+00:00,CNN
210,-0.7906,0.333,0.667,0.0,An Indian national has been charged with people smuggling after allegedly attempting to sneak a team of fake journa‚Ä¶ https://t.co/v03L6cU1fX,2018-03-29 05:46:06+00:00,CNN
211,0.4497,0.0,0.871,0.129,"A new bill in Kansas would not only authorize the arming of school staff, but would hold schools responsible if a s‚Ä¶ https://t.co/r4zRnOlo8Y",2018-03-29 05:31:05+00:00,CNN
212,0.5719,0.0,0.81,0.19,A federal judge approved $75 million worth of loans to Remington so the company can keep making guns as it works th‚Ä¶ https://t.co/TWjRRPzwkj,2018-03-29 05:16:06+00:00,CNN
213,0.6486,0.0,0.823,0.177,"People may have snickered at President Trump's call for a US ""space force,"" but ""the laughter masks the fact that t‚Ä¶ https://t.co/RU7zsonbMb",2018-03-29 05:01:02+00:00,CNN
214,0.6808,0.0,0.752,0.248,"Vice President Mike Pence's hometown of Columbus, Indiana, plans to hold its first LGBT Pride Festival next month‚Ä¶ https://t.co/k5Y1mjtBZV",2018-03-29 04:46:03+00:00,CNN
215,0.0,0.0,1.0,0.0,The first case of super-resistant gonorrhea has been reported in the UK https://t.co/KfaN4JEx8e https://t.co/CFTlA806Hd,2018-03-29 04:31:03+00:00,CNN
216,0.34,0.0,0.87,0.13,"13,000-year-old footprints were found off the coast of a Canadian island, giving researchers insight into life duri‚Ä¶ https://t.co/kVVm25t5OX",2018-03-29 04:16:02+00:00,CNN
217,0.0258,0.0,0.948,0.052,"The White House calls police shootings of black men a ""local matter"" that ""should be left up to the local authoriti‚Ä¶ https://t.co/sY2mCtlOfy",2018-03-29 04:08:07+00:00,CNN
218,0.0,0.0,1.0,0.0,Donations to the NRA tripled in the weeks after the Parkland shooting https://t.co/2E6tfAx4bc,2018-03-29 04:01:07+00:00,CNN
219,0.1531,0.0,0.918,0.082,A Democratic candidate challenging Rep. Devin Nunes in California took in more than $1 million in the first quarter‚Ä¶ https://t.co/1msxOoKDCR,2018-03-29 03:46:06+00:00,CNN
220,0.4588,0.0,0.85,0.15,Most world leaders visiting other countries make a grand entrance by stepping off a large jet. North Korean leader‚Ä¶ https://t.co/UKBraqVF6m,2018-03-29 03:31:04+00:00,CNN
221,0.0,0.0,1.0,0.0,Former Sen. Rick Santorum says he misspoke earlier this week when suggesting that students should learn CPR instead‚Ä¶ https://t.co/fU7HlJrZq8,2018-03-29 03:24:05+00:00,CNN
222,0.0,0.0,1.0,0.0,Ireland will hold a referendum on May 25 on whether abortion should be legalized https://t.co/l37NDo42BR,2018-03-29 03:16:03+00:00,CNN
223,-0.6597,0.18,0.82,0.0,"The US military conducted its first airstrike against al Qaeda in Libya on Saturday, killing one of the group's lea‚Ä¶ https://t.co/6MXInlEang",2018-03-29 03:09:05+00:00,CNN
224,0.0,0.0,1.0,0.0,"Apple's quest to find a home for another campus will be different than Amazon's approach, says CEO Tim Cook: ""We're‚Ä¶ https://t.co/Wqndqgc9DX",2018-03-29 03:05:07+00:00,CNN
225,-0.296,0.175,0.723,0.102,"Is the tech wreck for Amazon and Facebook over, or just beginning? https://t.co/2pFsIbxNwN https://t.co/bhuy3WxmNA",2018-03-29 03:01:09+00:00,CNN
226,0.0,0.0,1.0,0.0,"Hong Kong's ""Frog King"" showcases experimental art at Cattle Depot, a former slaughterhouse turned artists' village‚Ä¶ https://t.co/XOUWej21jM",2018-03-29 03:01:08+00:00,CNN
227,0.0,0.0,1.0,0.0,"ABC's revival of ""Roseanne"" premiered on Tuesday to a staggering 18.2 million viewers https://t.co/U5wymoCpH5 https://t.co/4miTagWpDZ",2018-03-29 03:01:08+00:00,CNN
228,0.3612,0.0,0.815,0.185,India is building a city from scratch to attract foreign investors https://t.co/1RPv5hlNNL https://t.co/hTa0IGMfzD,2018-03-29 02:46:07+00:00,CNN
229,0.0,0.0,1.0,0.0,"Planned Parenthood is facing a backlash after one of its branches tweeted, and then deleted, a post suggesting Disn‚Ä¶ https://t.co/NtkpyCU0AU",2018-03-29 02:31:04+00:00,CNN
230,-0.3164,0.098,0.902,0.0,"RT @AC360: Stuck in the middle with Toobin?! CNN's @JeffreyToobin sits between two lawyers who collectively yell 'thug' 20 times: ""The hand‚Ä¶",2018-03-29 02:22:48+00:00,CNN
231,0.2732,0.0,0.84,0.16,Surprise meetings and potential pitfalls: Trump preps for North Korea https://t.co/bKWwIBH9nO https://t.co/gx1KlxAxJi,2018-03-29 02:22:29+00:00,CNN
232,-0.5667,0.182,0.818,0.0,"RT @AC360: ""The family of Stephon Clark doesn't trust anything from the Sacramento police department since they were not told the truth at‚Ä¶",2018-03-29 02:22:01+00:00,CNN
233,-0.5574,0.159,0.841,0.0,A New York City lawmaker has introduced a bill that would make it illegal for businesses to email or instant messag‚Ä¶ https://t.co/n6SKMpXOe6,2018-03-29 02:16:06+00:00,CNN
234,0.7378,0.0,0.753,0.247,"Gov. Gary Herbert signed a bill earlier this month that makes it OK for parents to let their children ""free range""‚Ä¶ https://t.co/fME2edSgCm",2018-03-29 02:11:03+00:00,CNN
235,-0.6705,0.158,0.842,0.0,"RT @AC360: ""When you consider that 73 civilians have been killed by police bullets since 2015 and 70 of those were African American men, th‚Ä¶",2018-03-29 02:09:41+00:00,CNN
236,0.0,0.0,1.0,0.0,Joe Biden video chats with a cancer-stricken Idaho teen https://t.co/7owGyBpMXO https://t.co/QzweC0m851,2018-03-29 02:08:27+00:00,CNN
237,0.34,0.0,0.888,0.112,"Former sheriff Joe Arpaio suggested that he would, if elected to the Senate, revive the debunked ""birther"" claim th‚Ä¶ https://t.co/pAunVld9dA",2018-03-29 02:01:07+00:00,CNN
238,-0.8658,0.427,0.573,0.0,"Is the Parkland shooter's brother, jailed on a $500,000 bond, being punished for his sibling's crime? https://t.co/nQMYNkwBXV",2018-03-29 01:58:02+00:00,CNN
239,0.0,0.0,1.0,0.0,"Hong Kong's ""Frog King"" showcases experimental art at Cattle Depot, a former slaughterhouse turned artists' village‚Ä¶ https://t.co/f5t7BKXkgG",2018-03-29 01:56:05+00:00,CNN
240,0.0,0.0,1.0,0.0,Chinese tech firm Huawei has a new smartphone that use three cameras to snap a single photo https://t.co/4RNhVY64o2 https://t.co/r61gT5ul35,2018-03-29 01:51:56+00:00,CNN
241,-0.34,0.107,0.893,0.0,A warning light is flashing in the bond market: An obscure measure known as the yield curve is flattening. Here's a‚Ä¶ https://t.co/r7SCdGmPIj,2018-03-29 01:51:03+00:00,CNN
242,0.0,0.0,1.0,0.0,"Australia just released its report on an investigation into mesh implants that left some women with ""rotting pelvis‚Ä¶ https://t.co/vXdnqlQwFa",2018-03-29 01:46:06+00:00,CNN
243,0.0,0.0,1.0,0.0,"They may have passed a $1.3 trillion deficit-busting spending bill last week, but lawmakers have found at least one‚Ä¶ https://t.co/odb9G4aYS4",2018-03-29 01:36:49+00:00,CNN
244,0.296,0.0,0.885,0.115,"On her 18th birthday, Charlie Lagarde bought a celebratory bottle of sparkling wine and her first-ever lottery tick‚Ä¶ https://t.co/lLhvLHz1DW",2018-03-29 01:31:07+00:00,CNN
245,0.0,0.0,1.0,0.0,White House physician Ronny Jackson's performance during an extended grilling over President Trump's health and cog‚Ä¶ https://t.co/Vt2BaYrSOC,2018-03-29 01:21:04+00:00,CNN
246,-0.6486,0.275,0.725,0.0,Why the Stevens gun manifesto is beyond irresponsible | By Robert A. Levy via @CNNOpinion https://t.co/FnBVWPEwG1 https://t.co/x3vxslFVQI,2018-03-29 01:16:03+00:00,CNN
247,0.5267,0.182,0.455,0.364,A 12-year-old boy who survived cancer finally got his wish: a kiss from Pope Francis https://t.co/hMPCnn54AW https://t.co/MK4xso1SkF,2018-03-29 01:10:59+00:00,CNN
248,0.3348,0.0,0.913,0.087,RT @OutFrontCNN: Rudy! Rudy! Rudy! ...can you hear me now? We have an ear-y feeling Rudy Giuliani got his wires crossed with some of the la‚Ä¶,2018-03-29 01:08:02+00:00,CNN
249,-0.1531,0.127,0.873,0.0,All the President's lawsuits | Analysis by CNN's Z. Byron Wolf https://t.co/FjfLWkUXLJ https://t.co/ETvCrQhzxp,2018-03-29 01:06:06+00:00,CNN
250,0.3612,0.0,0.848,0.152,A brief history of how Parkland survivor David Hogg keeps schooling lawmakers on social media‚Ä¶ https://t.co/gNYlPEKegD,2018-03-29 01:02:07+00:00,CNN
251,-0.2263,0.101,0.899,0.0,"A judge handed a small victory to Tesla shareholders, allowing them to move forward with a lawsuit against CEO Elon‚Ä¶ https://t.co/mlOgFkO6Ra",2018-03-29 00:45:17+00:00,CNN
252,-0.2462,0.205,0.673,0.122,"The ""Roseanne"" reboot is damn good. The star deserves none of the credit. | By Clay Cane via @CNNOpinion‚Ä¶ https://t.co/ahjsn8swjE",2018-03-29 00:38:29+00:00,CNN
253,0.4404,0.0,0.854,0.146,"RT @OutFrontCNN: ""We're all sinners, nobody understands that better than Evangelicals‚Ä¶we believe we all need forgiveness."" - Evangelical Je‚Ä¶",2018-03-29 00:36:33+00:00,CNN
254,-0.7096,0.371,0.629,0.0,A dramatic night-vision video captures a US raid to kill ISIS fighters https://t.co/aZcs03C79X https://t.co/Z4AoSdOvVY,2018-03-29 00:36:22+00:00,CNN
255,0.4588,0.0,0.88,0.12,"RT @OutFrontCNN: ""She signed the contract, she received the benefit of the contract. It was signed by the other party."" Michael Cohen's att‚Ä¶",2018-03-29 00:35:31+00:00,CNN
256,0.3818,0.0,0.874,0.126,Donations pour in for a high school rifle team after the school board votes against accepting an NRA grant‚Ä¶ https://t.co/MSnEeZdHgs,2018-03-29 00:24:50+00:00,CNN
257,-0.0516,0.066,0.934,0.0,President Trump's campaign touted the administration's move to add a question about citizenship status to the US Ce‚Ä¶ https://t.co/W0f7SGr3md,2018-03-29 00:11:03+00:00,CNN
258,-0.5994,0.279,0.611,0.109,Thousands of people marched through Paris to protest the killing of a Holocaust survivor in her home‚Ä¶ https://t.co/zqfYkmsLVD,2018-03-29 00:06:05+00:00,CNN
259,0.0258,0.0,0.948,0.052,"The White House calls police shootings of black men a ""local matter"" that ""should be left up to the local authoriti‚Ä¶ https://t.co/nektBUdjeE",2018-03-29 00:01:07+00:00,CNN
260,0.0,0.0,1.0,0.0,"George Conway, husband of White House counselor Kellyanne Conway, appears to be trolling President Trump‚Ä¶ https://t.co/NUmgl5Ms4T",2018-03-28 23:56:06+00:00,CNN
261,-0.5267,0.206,0.794,0.0,Authorities and the Sacramento Kings are preparing for protests that are expected Thursday after the funeral for St‚Ä¶ https://t.co/wYLH5W0049,2018-03-28 23:51:03+00:00,CNN
262,0.128,0.0,0.927,0.073,"US President Trump granted tariff exemptions to six countries and the European Union, but ""it's not an exemption li‚Ä¶ https://t.co/nE0wY3IAVf",2018-03-28 23:46:07+00:00,CNN
263,0.5267,0.0,0.825,0.175,"Emails reveal the Department of Justice would have ""very little involvement"" if President Trump tweeted a pardon‚Ä¶ https://t.co/UYNvBIqLcE",2018-03-28 23:41:03+00:00,CNN
264,0.4497,0.0,0.871,0.129,"A new bill in Kansas would not only authorize the arming of school staff, but would hold schools responsible if a s‚Ä¶ https://t.co/0raMQKJkXD",2018-03-28 23:36:05+00:00,CNN
265,-0.5423,0.2,0.8,0.0,Some Twitter users are outraged that Netflix appointed Susan Rice to its board https://t.co/ZVA60bqn62 https://t.co/9TjTGHh20c,2018-03-28 23:31:01+00:00,CNN
266,-0.4767,0.162,0.838,0.0,Ecuador says it has again suspended Julian Assange's outside communications access at its embassy in London‚Ä¶ https://t.co/ANmsVaviGV,2018-03-28 23:26:03+00:00,CNN
267,-0.5994,0.206,0.794,0.0,"Sudden infant death syndrome may have a genetic basis in some cases, a new study suggests https://t.co/04uPE4IHBs https://t.co/d15ipkOky1",2018-03-28 23:21:05+00:00,CNN
268,0.5267,0.182,0.455,0.364,A 12-year-old boy who survived cancer finally got his wish: a kiss from Pope Francis https://t.co/lZqCCbVV6b https://t.co/Ncy22YwUuu,2018-03-28 23:14:38+00:00,CNN
269,0.5994,0.0,0.766,0.234,The Justice Department's internal watchdog announced it has launched a probe into the department and the FBI's hand‚Ä¶ https://t.co/ccQQChOlBu,2018-03-28 22:58:00+00:00,CNN
270,0.891,0.0,0.654,0.346,Nobel Peace Prize winner Malala Yousafzai is back in Pakistan for the first time since she was shot in the face and‚Ä¶ https://t.co/O6HJRNK5ml,2018-03-28 22:49:31+00:00,CNN
271,0.0,0.0,1.0,0.0,Maserati unveiled a 590 horsepower high performance version of its Levante crossover SUV at the New York Auto Show‚Ä¶ https://t.co/y7jpECCr2J,2018-03-28 22:46:23+00:00,CNN
272,0.128,0.0,0.919,0.081,"Exclusive: In depositions, the Karolyis say they knew nothing of former USA Gymnastics doctor Larry Nassar's abuse‚Ä¶ https://t.co/6gOzBZ6j4g",2018-03-28 22:36:50+00:00,CNN
273,0.0,0.0,1.0,0.0,"Sen. Chris Coons: ""It is concerning to me that the President is increasingly seeming to manage his cabinet more lik‚Ä¶ https://t.co/TCZaET9mBG",2018-03-28 22:19:46+00:00,CNN
274,-0.7003,0.279,0.721,0.0,"Rep. Steve King's remark about outspoken Parkland student Emma Gonzalez ""betrays a lack of understanding about the‚Ä¶ https://t.co/GZB7Hy487F",2018-03-28 22:15:11+00:00,CNN
275,0.34,0.0,0.87,0.13,"Susan Rice, a former UN ambassador and national security adviser under President Barack Obama, has joined Netflix's‚Ä¶ https://t.co/oXEfylqYkT",2018-03-28 22:09:38+00:00,CNN
276,-0.296,0.115,0.885,0.0,"White House press secretary Sarah Sanders refused to answer whether President Donald Trump was aware of a $130,000‚Ä¶ https://t.co/bJ2feNKSpL",2018-03-28 22:07:26+00:00,CNN
277,0.0,0.0,1.0,0.0,"Sources describe four yet-to-be-released videos recorded the night of the shooting of Alton Sterling as ""very graph‚Ä¶ https://t.co/gpokg872eO",2018-03-28 22:04:14+00:00,CNN
278,0.0,0.0,1.0,0.0,"President Donald Trump says Veterans Affairs Secretary David Shulkin is out, and that Shulkin will be replaced with‚Ä¶ https://t.co/v03PKc6WVZ",2018-03-28 21:53:22+00:00,CNN
279,0.8286,0.0,0.711,0.289,"President Trump thanked Shulkin via Twitter for his ""service to our country and to our GREAT VETERANS"" and said Rob‚Ä¶ https://t.co/9FvpdZJr2f",2018-03-28 21:49:47+00:00,CNN
280,0.0,0.0,1.0,0.0,"BREAKING: President Donald Trump says Veterans Affairs Secretary David Shulkin is out, and that he'll be replaced w‚Ä¶ https://t.co/GOXcsz3wzn",2018-03-28 21:44:46+00:00,CNN
281,0.0,0.0,1.0,0.0,UK detectives say they believe the former Russian double agent Sergei Skripal and his daughter first encountered a‚Ä¶ https://t.co/ICwOpi9mPc,2018-03-28 21:37:46+00:00,CNN
282,-0.6249,0.212,0.788,0.0,"Former Vice President Joe Biden regrets saying that if he were in high school, he would fight President Trump over‚Ä¶ https://t.co/l4oVqppV40",2018-03-28 21:26:53+00:00,CNN
283,0.0,0.0,1.0,0.0,"RT @CNNnewsroom: ""There's this power of nostalgia in this family...but they were also the quintessential working class, white, exurban fami‚Ä¶",2018-03-28 21:23:39+00:00,CNN
284,0.0,0.0,1.0,0.0,"News that Cambridge Analytica, a data firm with ties to President Trump's campaign, reportedly accessed information‚Ä¶ https://t.co/HLBbE15VgU",2018-03-28 21:20:38+00:00,CNN
285,0.3612,0.0,0.884,0.116,TESS the planet hunter is getting ready to launch next month. The Transiting Exoplanet Survey Satellite is NASA's n‚Ä¶ https://t.co/IjwXc4IsiY,2018-03-28 21:11:01+00:00,CNN
286,0.4767,0.0,0.837,0.163,"Sen. Kennedy on what he'd ask Zuckerberg: ""Is it a fair bargain for me to give up all my personal data to Facebook,‚Ä¶ https://t.co/yxDzoJoacU",2018-03-28 21:02:45+00:00,CNN
287,0.0,0.0,1.0,0.0,"If you were running for President, would you have your deputy campaign manager speak to a former Russian intelligen‚Ä¶ https://t.co/DjjDdZY1fC",2018-03-28 20:48:51+00:00,CNN
288,0.3182,0.132,0.638,0.23,"A generation ago, Republicans focused on reforming the nation's safety net by requiring poor mothers to work. Now,‚Ä¶ https://t.co/vaMFi5ajZD",2018-03-28 20:35:03+00:00,CNN
289,0.0,0.0,1.0,0.0,"13,000-year-old footprints were found off the Canadian coast https://t.co/Yq3Ijx9hnL https://t.co/vonY3PKKWB",2018-03-28 20:31:05+00:00,CNN
290,0.6808,0.0,0.752,0.248,"Vice President Mike Pence's hometown of Columbus, Indiana, plans to hold its first LGBT Pride Festival next month‚Ä¶ https://t.co/EML8EDzuby",2018-03-28 20:26:19+00:00,CNN
291,0.3612,0.0,0.857,0.143,"RT @TheLeadCNN: President Trump in December, 2017: ‚ÄúI don‚Äôt want to talk about pardons of Michael Flynn yet, we‚Äôll see what happens, let‚Äôs‚Ä¶",2018-03-28 20:18:28+00:00,CNN
292,-0.6705,0.256,0.744,0.0,"A lawsuit alleging that gifts from foreign governments to President Trump may be illegal can go forward, a federal‚Ä¶ https://t.co/yA2asY7QE0",2018-03-28 20:13:55+00:00,CNN
293,0.6486,0.0,0.823,0.177,"People may have snickered at President Trump's call for a US ""space force,"" but ""the laughter masks the fact that t‚Ä¶ https://t.co/5SF9c5JyI1",2018-03-28 20:06:30+00:00,CNN
294,0.25,0.155,0.621,0.224,"RT @CNNMoney: Nasdaq drops nearly 1% on tech slump. Dow inches lower, giving up early gains. Tesla tumbles 8%, Amazon loses 4%. https://t.c‚Ä¶",2018-03-28 20:05:27+00:00,CNN
295,0.4404,0.0,0.879,0.121,A majority of Democratic voters in New York City believe Gov. Andrew Cuomo would be better for the city than his pr‚Ä¶ https://t.co/8T7hHOJQ9t,2018-03-28 20:02:52+00:00,CNN
296,0.0,0.0,1.0,0.0,"RT @CNNnewsroom: ""President Trump is not the same as the Donald Trump from 12 years ago, and so we can't try to make a comparison between t‚Ä¶",2018-03-28 19:59:54+00:00,CNN
297,0.5719,0.0,0.81,0.19,A federal judge approved $75 million worth of loans to Remington so the company can keep making guns as it works th‚Ä¶ https://t.co/XXNzhHcujS,2018-03-28 19:56:39+00:00,CNN
298,0.4588,0.0,0.85,0.15,Most world leaders visiting other countries make a grand entrance by stepping off a large jet. North Korean leader‚Ä¶ https://t.co/ChgciHqyBu,2018-03-28 19:50:43+00:00,CNN
299,-0.296,0.196,0.804,0.0,Why Trump country is worried about Trump's tariffs https://t.co/mJZHMYxLYj https://t.co/JYL14Rea3j,2018-03-28 19:37:33+00:00,CNN
300,-0.8074,0.3,0.7,0.0,"Jonathan Turley on alleged FISA abuse: ""It's a dangerous combination to have a secret court that is based on a stan‚Ä¶ https://t.co/uFmnjKpFEw",2018-03-29 06:40:00+00:00,FoxNews
301,-0.5267,0.195,0.805,0.0,"High school-aged student sexually assaulted at gunpoint in broad daylight, Palo Alto police say https://t.co/JAKXvAmbBc",2018-03-29 06:35:00+00:00,FoxNews
302,0.0,0.0,1.0,0.0,.@LindseyGrahamSC: ‚ÄúThe North Korea nuclear program destabilizes the entire world.‚Äù @foxnewsnight https://t.co/9JvfwvFHtK,2018-03-29 06:30:00+00:00,FoxNews
303,0.4404,0.0,0.738,0.262,"Atlanta-based lawyer to play bigger role on #Trump's legal team, report says https://t.co/MA6CTHA3VU",2018-03-29 06:25:00+00:00,FoxNews
304,0.0,0.0,1.0,0.0,JUST IN: North and South Korea to hold leaders' summit April 27 https://t.co/yWrdiZ8nZq,2018-03-29 06:20:41+00:00,FoxNews
305,0.0,0.0,1.0,0.0,.@kimguilfoyle: ‚ÄúI think this is an example of @POTUS‚Ä¶winning.‚Äù #TheFive https://t.co/LqeLzoKcR6,2018-03-29 06:20:00+00:00,FoxNews
306,-0.34,0.221,0.779,0.0,Former @FBI agent charged with leaking classified docs to expose 'systemic biases': report https://t.co/D8uyDBJxkk,2018-03-29 06:15:00+00:00,FoxNews
307,0.0,0.0,1.0,0.0,.@PressSec on the 2020 census citizenship question: ‚ÄúThe goal is to have data that we can use for specific things.‚Äù https://t.co/yuirw7dwkp,2018-03-29 06:10:00+00:00,FoxNews
308,0.4939,0.0,0.849,0.151,"IS IT NAP TIME?: One sleepy bunny was caught on camera having an adorable yawn in Kent, Washington. https://t.co/jhhBMUUU1p",2018-03-29 06:05:00+00:00,FoxNews
309,0.4466,0.0,0.853,0.147,WARRIORS HELPING WARRIORS: @paws4prplhearts is bringing veterans and dogs together to not only get the dogs trained‚Ä¶ https://t.co/aq0i7KsDTD,2018-03-29 06:00:00+00:00,FoxNews
310,-0.5859,0.27,0.73,0.0,.@Corey_Feldman says he was stabbed in attempted murder but police are telling a different story https://t.co/0yJbvYufIr,2018-03-29 05:55:00+00:00,FoxNews
311,0.3182,0.0,0.859,0.141,.@POTUS secures trade deal with South Korea ahead of potential meeting with North Korea. https://t.co/gyopb5iQXZ,2018-03-29 05:50:00+00:00,FoxNews
312,0.0,0.0,1.0,0.0,California sets rules for cooperating with feds on immigration https://t.co/Sw0gdpJq1O,2018-03-29 05:45:00+00:00,FoxNews
313,0.0,0.0,1.0,0.0,.@DevinNunes: ‚ÄúThe left has continued to say that ‚ÄòThis is Watergate‚Äô and ‚Äò#Trump‚Äôs going to be impeached.‚Äô They‚Äôve‚Ä¶ https://t.co/W4M7xx2fru,2018-03-29 05:40:00+00:00,FoxNews
314,-0.4767,0.193,0.807,0.0,"Driver who left child on school bus for 8 hours is suspended, report says https://t.co/hf62gcSnc7",2018-03-29 05:35:00+00:00,FoxNews
315,0.0772,0.0,0.933,0.067,"""This comes down to public safety.""

Orange County supervisor Michelle Steel comments on her vote to challenge sanc‚Ä¶ https://t.co/qt4I3WSE7x",2018-03-29 05:30:00+00:00,FoxNews
316,0.0,0.0,1.0,0.0,Oldest human footprints in North America suggest 'early entrance' into the Americas https://t.co/dJy0ZzpMTp,2018-03-29 05:25:00+00:00,FoxNews
317,0.4404,0.0,0.838,0.162,".@dbongino on the Second Amendment: ""Liberalism is easy to understand, it's everywhere...To actually understand con‚Ä¶ https://t.co/ZpCeVz4VWc",2018-03-29 05:20:00+00:00,FoxNews
318,-0.6597,0.268,0.732,0.0,Former NFL star Jim Kelly recovering after 12 hours of cancer surgery https://t.co/MRlkVxAOrt,2018-03-29 05:15:00+00:00,FoxNews
319,-0.3182,0.142,0.769,0.089,".@KatiePavlich: ‚ÄúWhen you commit a crime as a U.S. citizen, you don‚Äôt get to decide when you get to evade law enfor‚Ä¶ https://t.co/UaKfLDk5GW",2018-03-29 05:10:00+00:00,FoxNews
320,-0.5106,0.292,0.708,0.0,"Jared Fogle seeks release from prison, report says https://t.co/a14o9xLOBI",2018-03-29 05:05:00+00:00,FoxNews
321,-0.3182,0.113,0.887,0.0,".@TomiLahren: ‚ÄúThere are a lot of areas here that, of course, believe in shielding illegal immigrants, but there ar‚Ä¶ https://t.co/HEqz2dzxNW",2018-03-29 05:00:01+00:00,FoxNews
322,0.0,0.0,1.0,0.0,.@NRA's political fund sees donations spike in February after Florida shooting https://t.co/4kgltlHohK,2018-03-29 04:55:00+00:00,FoxNews
323,0.2235,0.0,0.918,0.082,.@statedeptspox: ‚ÄúThat Iran nuclear deal did not make the world safer‚Ä¶ it did not stop Iran from all of these horri‚Ä¶ https://t.co/FRGpqUnQXY,2018-03-29 04:50:00+00:00,FoxNews
324,0.0,0.0,1.0,0.0,U.S. economy grows at 2.9% rate in Q4 https://t.co/j6wlXt484M,2018-03-29 04:45:00+00:00,FoxNews
325,0.6605,0.0,0.778,0.222,"Dave Harrington, Aliso Viejo mayor: ‚ÄúI kind of wish the attorney general of California took as much interest in the‚Ä¶ https://t.co/fUc6Xtb0OT",2018-03-29 04:40:00+00:00,FoxNews
326,0.0,0.0,1.0,0.0,"OPINION: If the Second Amendment falls, our entire Bill of Rights falls https://t.co/vT4cRZnBTn",2018-03-29 04:35:00+00:00,FoxNews
327,0.6841,0.0,0.786,0.214,BEAUTIFUL: The non-profit organization Pile of Puppies brought a litter of miniature bull terrier pups to the bedsi‚Ä¶ https://t.co/U1UNNejfSo,2018-03-29 04:30:00+00:00,FoxNews
328,0.0,0.0,1.0,0.0,Carnival Cruise offers Virginia teen a luxurious trip in exchange for his Snapchat handle https://t.co/MP2iL83j83,2018-03-29 04:25:00+00:00,FoxNews
329,0.296,0.0,0.864,0.136,Graham Allen: ‚ÄúOur rights and our freedoms as Americans are not up for debate.‚Äù https://t.co/gQZjLutao0,2018-03-29 04:20:00+00:00,FoxNews
330,-0.9186,0.545,0.455,0.0,Six children feared dead after SUV plunged off California cliff; 2 women killed https://t.co/EyNlbeYpVN,2018-03-29 04:15:00+00:00,FoxNews
331,0.0,0.0,1.0,0.0,.@michellemalkin on 2020 census to include citizenship question https://t.co/VkfSanaVEp,2018-03-29 04:10:00+00:00,FoxNews
332,-0.8271,0.372,0.628,0.0,Outrage grows over police killing of Stephon Clark in Sacramento: '20 shots over a cellphone' https://t.co/nFAOz30fIZ,2018-03-29 04:05:00+00:00,FoxNews
333,0.0,0.0,1.0,0.0,.@SteveHiltonx: ‚ÄúThese tech companies have just [gotten] too big and too powerful‚Ä¶We actually need to really toughe‚Ä¶ https://t.co/PFgN9Jx1tZ,2018-03-29 04:01:48+00:00,FoxNews
334,0.0772,0.0,0.925,0.075,".@TomiLahren: ""You‚Äôd be surprised...just how many conservatives and Americans live in California that want the laws‚Ä¶ https://t.co/dCqDnKHrJj",2018-03-29 04:01:00+00:00,FoxNews
335,-0.7351,0.36,0.64,0.0,Oklahoma man captures 6-foot rattlesnake before suffering heart attack 20 minutes later https://t.co/Sd20aL177B,2018-03-29 03:48:10+00:00,FoxNews
336,0.4019,0.0,0.803,0.197,.@DonaldJTrumpJr tweets his support for 'Roseanne' while skewering late night hosts https://t.co/vxAm33yedR,2018-03-29 03:36:02+00:00,FoxNews
337,0.0,0.0,1.0,0.0,.@LindseyGrahamSC: ‚ÄúThe North Korean nuclear program destabilizes the entire world.‚Äù @foxnewsnight https://t.co/FH2bABC7K3,2018-03-29 03:21:49+00:00,FoxNews
338,0.122,0.144,0.689,0.167,"On Wednesday, President @realdonaldtrump announced in a tweet that, despite former Supreme Court Justice John Paul‚Ä¶ https://t.co/D2IHMPer1m",2018-03-29 03:03:54+00:00,FoxNews
339,0.0,0.0,1.0,0.0,.@RepGoodlatte: 'Material' Redactions Made In Peter Strzok-Lisa Page Texts @IngrahamAngle https://t.co/NhffORqImP,2018-03-29 02:55:22+00:00,FoxNews
340,0.0,0.0,1.0,0.0,.@offspring drummer turned OB/GYN saves prospective juror in own malpractice trial https://t.co/GbSRKSszrt,2018-03-29 02:50:31+00:00,FoxNews
341,-0.5267,0.328,0.672,0.0,US judge denies Saudi Arabia's bid to dismiss 9/11 lawsuits https://t.co/spt36JVX8M,2018-03-29 02:45:12+00:00,FoxNews
342,-0.4767,0.181,0.819,0.0,"School bus driver suspended after leaving first-grader on bus for eight hours, report says https://t.co/oiqJww2qlc",2018-03-29 02:43:17+00:00,FoxNews
343,-0.7845,0.289,0.711,0.0,".@ByronYork on alleged FISA abuse: ""What gives a lot of Republicans problems is a lot of them thought Republican pr‚Ä¶ https://t.co/8k7B5Ibr21",2018-03-29 02:40:19+00:00,FoxNews
344,-0.6369,0.174,0.826,0.0,".@RepGoodlatte on alleged FISA abuse: ""The IG can't look at it from the same perspective that Congress can or from‚Ä¶ https://t.co/4uMmyelc6D",2018-03-29 02:36:56+00:00,FoxNews
345,0.0,0.0,1.0,0.0,Grandma's ear bitten off by pit bull while protecting kids at New York playground: reports https://t.co/Fm2IRRUjjY,2018-03-29 02:35:36+00:00,FoxNews
346,-0.5859,0.174,0.826,0.0,.@TempePolice have mounted AR-15 assault rifles on the back of eight motorcycles to equip officers with something m‚Ä¶ https://t.co/z62UgoozP6,2018-03-29 02:21:04+00:00,FoxNews
347,0.0,0.0,1.0,0.0,"Joe Alioto-Veronese on sanctuary cities: ""What the feds are saying is that we are interfering by telling our citize‚Ä¶ https://t.co/BZQj1ynui4",2018-03-29 02:15:28+00:00,FoxNews
348,0.0,0.0,1.0,0.0,.@dunkindonuts launches its first-ever running shoe https://t.co/oK0E1oZ4ye,2018-03-29 02:08:15+00:00,FoxNews
349,0.0,0.0,1.0,0.0,.@seanhannity Reveals New Peter Strzok-Lisa Page Texts #Hannity  https://t.co/mP7oHskKPL,2018-03-29 02:05:42+00:00,FoxNews
350,-0.3818,0.167,0.833,0.0,"'My Questions Are Totally Sincere': @TuckerCarlson, Former Clinton Spox Battle Over Dem Platform https://t.co/PfR6X7aPZd",2018-03-29 02:02:55+00:00,FoxNews
351,0.4939,0.0,0.775,0.225,Ex-Disney Channel star Caroline Sunshine joins Trump's White House press team https://t.co/5MY4QUThYj,2018-03-29 01:56:02+00:00,FoxNews
352,0.0,0.0,1.0,0.0,.@DevinNunes: ‚ÄúThe Left has continued to say that ‚ÄòThis is Watergate‚Äô and ‚Äò#Trump‚Äôs going to be impeached.‚Äô They‚Äôve‚Ä¶ https://t.co/FZMoKq72Qo,2018-03-29 01:42:51+00:00,FoxNews
353,0.4019,0.0,0.838,0.162,"On Wednesday, @LindseyGrahamSC tweeted his support for President @realDonaldTrump's decision to replace Secretary o‚Ä¶ https://t.co/3SCiGt1apm",2018-03-29 01:36:25+00:00,FoxNews
354,-0.4588,0.25,0.75,0.0,‚ÄòAggressive‚Äô passenger may have to pay plane‚Äôs fuel bill after causing emergency landing https://t.co/iUd655KpRC,2018-03-29 01:32:41+00:00,FoxNews
355,-0.4215,0.128,0.872,0.0,"Florida woman fails to put car into park, car rolls into pool with husband and child inside, cops say https://t.co/CjqcQHkfG4",2018-03-29 01:24:18+00:00,FoxNews
356,0.296,0.0,0.885,0.115,.@CRTV host and Army veteran @GrahamAllen_1 said Wednesday that the rights and freedoms American citizens have are‚Ä¶ https://t.co/62KkdMYYkA,2018-03-29 01:11:09+00:00,FoxNews
357,0.0,0.0,1.0,0.0,"OPINION: If the Second Amendment falls, our entire Bill of Rights falls https://t.co/B8dGrk2ZYu",2018-03-29 01:10:32+00:00,FoxNews
358,-0.3612,0.131,0.759,0.11,".@jmpalmieri on Dem views: ""Congress is broken, it does not react to what the people want. The people want immigrat‚Ä¶ https://t.co/dVWmVHfYrY",2018-03-29 00:58:43+00:00,FoxNews
359,-0.6124,0.275,0.615,0.111,Mother of Hostage Killed By ISIS: 'There Was No One Whose Job It Was to Help Us' https://t.co/m6sQVkLIsD,2018-03-29 00:54:24+00:00,FoxNews
360,-0.0572,0.075,0.925,0.0,.@TuckerCarlson Debates CA Immigration Law: 'Is There Anything You Won't Make an Excuse For?' #Tucker https://t.co/KVqJZjZJiC,2018-03-29 00:48:29+00:00,FoxNews
361,0.0,0.0,1.0,0.0,".@lizpeek: Census 2020 ‚Äì Liberals, get over it, we must ask about citizenship! https://t.co/SLwgSHWJHB",2018-03-29 00:45:17+00:00,FoxNews
362,0.4404,0.0,0.838,0.162,".@dbongino on the Second Amendment: ""Liberalism is easy to understand, it's everywhere...To actually understand con‚Ä¶ https://t.co/2kGec95E96",2018-03-29 00:40:41+00:00,FoxNews
363,0.0,0.0,1.0,0.0,Kansas City Royals' Salvador Perez sprains knee ligament carrying luggage https://t.co/75uYNzgZRh,2018-03-29 00:38:00+00:00,FoxNews
364,0.0,0.0,1.0,0.0,"OPINION: If the Second Amendment falls, our entire Bill of Rights falls  https://t.co/CGvSxjwWJe",2018-03-29 00:25:05+00:00,FoxNews
365,-0.8271,0.372,0.628,0.0,Outrage grows over police killing of Stephon Clark in Sacramento: '20 shots over a cellphone' https://t.co/hEE53tqepb,2018-03-29 00:19:15+00:00,FoxNews
366,-0.7645,0.279,0.721,0.0,"Jonathan Turley on alleged FISA abuse: ""People have a really low expectation of their government now and that's a r‚Ä¶ https://t.co/IK1yLPukE3",2018-03-29 00:12:59+00:00,FoxNews
367,-0.8074,0.3,0.7,0.0,"Jonathan Turley on alleged FISA abuse: ""It's a dangerous combination to have a secret court that is based on a stan‚Ä¶ https://t.co/woHLq1mtrn",2018-03-29 00:09:20+00:00,FoxNews
368,-0.9186,0.462,0.538,0.0,"BREAKING: Six children feared dead after SUV plunged off cliff in California; 2 women killed, investigators say https://t.co/eFCbVVTPr0",2018-03-29 00:06:22+00:00,FoxNews
369,0.296,0.0,0.804,0.196,#Trump shares photos of border wall construction on Twitter https://t.co/mfphYgzp2Z,2018-03-28 23:57:54+00:00,FoxNews
370,0.0,0.0,1.0,0.0,"China reminded Kim Jong Un who's boss during mysterious Beijing meeting, experts say https://t.co/JCbEJzedWH",2018-03-28 23:42:34+00:00,FoxNews
371,-0.2023,0.13,0.87,0.0,.@gen_jackkeane: ‚Äú@POTUS‚Äô administration has confronted Russia more than his predecessors have.‚Äù #TheStory https://t.co/ZR9hTcXef3,2018-03-28 23:29:54+00:00,FoxNews
372,0.25,0.11,0.734,0.156,".@LibertyU shows off its new multimillion-dollar gun range. Liberty, which already allows students to have guns in‚Ä¶ https://t.co/FoSrzLgrgp",2018-03-28 23:25:22+00:00,FoxNews
373,-0.7184,0.353,0.647,0.0,Al Qaeda leader killed by drone strike in Libya identified by Pentagon https://t.co/LGrWmbwVP3,2018-03-28 23:22:08+00:00,FoxNews
374,-0.3612,0.152,0.848,0.0,".@CharlesHurt: ‚ÄúWithout a doubt, I don‚Äôt think anybody can question [Rear Adm. Ronny Jackson‚Äôs] qualifications, and‚Ä¶ https://t.co/eH1Ns3Shv7",2018-03-28 23:15:41+00:00,FoxNews
375,-0.25,0.143,0.857,0.0,"Charles Lane on @POTUS replacing Shulkin as VA secretary: ""It's a strange irony that these are the people that our‚Ä¶ https://t.co/oj2CIlxQZG",2018-03-28 23:06:05+00:00,FoxNews
376,0.0,0.0,1.0,0.0,".@ByronYork on replacing Shulkin as VA secretary: ""It simply didn't work out and [helping veterans] really was one‚Ä¶ https://t.co/gZfruPSh9N",2018-03-28 22:51:12+00:00,FoxNews
377,0.0,0.0,1.0,0.0,"Former Trump administration officials, from Comey to Shulkin https://t.co/qU3TvgVoW4 https://t.co/70SSvYShgs",2018-03-28 22:44:16+00:00,FoxNews
378,0.0,0.0,1.0,0.0,"On ""Your World"" with @TeamCavuto, Joe Piscopo discussed the #Roseanne reboot and the main character,‚Ä¶ https://t.co/x5TPpZ6kWh",2018-03-28 22:34:10+00:00,FoxNews
379,0.0,0.134,0.732,0.134,"NASDAQ closes lower as @amazon, @tesla shares fall. @DeirdreBolton has the story. #SpecialReport‚Ä¶ https://t.co/HUYxodz5ue",2018-03-28 22:26:08+00:00,FoxNews
380,0.0,0.0,1.0,0.0,"Documents suggest possible coordination between CIA, FBI, Obama WH and Dem officials early in Trump-Russia probe: i‚Ä¶ https://t.co/gwVHgDWYSe",2018-03-28 22:21:43+00:00,FoxNews
381,0.4019,0.0,0.803,0.197,.@DonaldJTrumpJr tweets his support for 'Roseanne' while skewering late night hosts https://t.co/nlwFyAYm46,2018-03-28 22:14:42+00:00,FoxNews
382,0.0,0.0,1.0,0.0,.@POTUS to replace David Shulkin with Adm. Ronny Jackson as Veterans Affairs secretary in latest White House shuffl‚Ä¶ https://t.co/SsyE24xZwa,2018-03-28 22:10:07+00:00,FoxNews
383,0.4466,0.0,0.853,0.147,WARRIORS HELPING WARRIORS: @paws4prplhearts is bringing veterans and dogs together to not only get the dogs trained‚Ä¶ https://t.co/ExsSRY1g4t,2018-03-28 22:08:13+00:00,FoxNews
384,0.0,0.0,1.0,0.0,Who is David Shulkin? 3 things to know about Trump's former secretary of Veterans Affairs https://t.co/a2A06xE4Xf,2018-03-28 22:00:35+00:00,FoxNews
385,0.0,0.0,1.0,0.0,.@kimguilfoyle: ‚ÄúI think this is an example of @POTUS‚Ä¶winning.‚Äù #TheFive https://t.co/UkisT39CJh,2018-03-28 21:56:32+00:00,FoxNews
386,0.0,0.0,1.0,0.0,.@greggutfeld: 'Roseanne' Reboot Replaced 'Demonization with Dialogue' https://t.co/IZiHF0NsFI,2018-03-28 21:48:40+00:00,FoxNews
387,0.0,0.0,1.0,0.0,BREAKING: #Trump to replace David Shulkin with Adm. Ronny Jackson as Veterans Affairs secretary‚Ä¶ https://t.co/Zpv9UbPnB1,2018-03-28 21:41:27+00:00,FoxNews
388,0.4939,0.0,0.738,0.262,"Surgeons amazed after removing over 2,000 gallstones from woman https://t.co/YEuOWzC7N5",2018-03-28 21:27:07+00:00,FoxNews
389,0.0,0.0,1.0,0.0,Judge rules suit against #Trump over foreign gifts can move forward https://t.co/kqi3Awd4i7,2018-03-28 21:12:19+00:00,FoxNews
390,-0.0516,0.117,0.777,0.107,Combat Vet on Calls for 2nd Amendment Repeal: 'Our Rights and Freedoms Are Not Up for Debate' https://t.co/MwTbOAnoVt,2018-03-28 21:03:39+00:00,FoxNews
391,-0.0516,0.098,0.902,0.0,Arizona police department mounts AR-15 rifles on backs of some motorcycles https://t.co/a2fWHRGqio,2018-03-28 20:56:39+00:00,FoxNews
392,-0.6124,0.286,0.714,0.0,"Orange County, CA Supervisor Called a 'Racist B----' Amid Sanctuary Controversy https://t.co/DuYJZxGpQR",2018-03-28 20:53:33+00:00,FoxNews
393,0.3182,0.0,0.867,0.133,.@POTUS secures trade deal with South Korea ahead of potential meeting with North Korea. @TeamCavuto https://t.co/vnBI3EkS6F,2018-03-28 20:44:41+00:00,FoxNews
394,0.0,0.0,1.0,0.0,TUNE IN to the latest #HemmerTime podcast with @BillHemmer and @CardinalDolan on the sanctity of silence.‚Ä¶ https://t.co/UiBHKAFFli,2018-03-28 20:35:08+00:00,FoxNews
395,0.0,0.193,0.614,0.193,".@WhiteHouse: No pardons under consideration for Manafort, Flynn https://t.co/qJj0aB6rST",2018-03-28 20:25:04+00:00,FoxNews
396,-0.7096,0.33,0.67,0.0,"'ACLU effect' is to blame for Chicago's sharp rise in crime, study says https://t.co/MFbLymBU9l",2018-03-28 20:19:22+00:00,FoxNews
397,-0.6486,0.281,0.719,0.0,"Driver leaves 1 dead, others in life-threatening condition in San Francisco hit-and-run https://t.co/OJtSdht8Ut",2018-03-28 20:14:45+00:00,FoxNews
398,-0.7269,0.337,0.663,0.0,Donations Pour in for Rifle Team After School District Rejects NRA's 'Dirty Money' https://t.co/mVV8pTl1BA,2018-03-28 20:14:44+00:00,FoxNews
399,-0.4215,0.128,0.872,0.0,"Florida woman fails to put car into park, car rolls into pool with husband and child inside, cops say https://t.co/jXKlozKkTP",2018-03-28 20:08:00+00:00,FoxNews
400,0.6249,0.0,0.83,0.17,RT @nytimesworld: Which makes sense? a) Pirate ships in a landlocked country; b) a 47-foot-high statue of Alexander the Great; c) a house d‚Ä¶,2018-03-29 06:31:05+00:00,NYTimes
401,0.0,0.0,1.0,0.0,"Archaeologists believe the 13,000-year-old human footprints to be the earliest found so far in North America https://t.co/E0yEBAuT7n",2018-03-29 05:59:27+00:00,NYTimes
402,0.2023,0.0,0.917,0.083,"RT @NYTmag: Floating villages spread across the surface of the Mekong River‚Äôs waterways, playing host to ethnic Vietnamese whose status in‚Ä¶",2018-03-29 05:41:06+00:00,NYTimes
403,0.4404,0.0,0.756,0.244,"These arctic foxes turned ""blue."" It was a good thing. https://t.co/PA6vz2GcCr",2018-03-29 05:21:04+00:00,NYTimes
404,0.0,0.0,1.0,0.0,2 Texas oil companies joined forces in the biggest deal yet in the Southwestern oil patch https://t.co/iLzaXURm1T,2018-03-29 05:02:02+00:00,NYTimes
405,-0.7778,0.393,0.533,0.074,RT @EricSchmittNYT: American drone strike in Libya kills top Qaeda recruiter and official warns of more attacks  https://t.co/nrGvlVj6l2,2018-03-29 04:41:06+00:00,NYTimes
406,0.0,0.0,1.0,0.0,"Steven Spielberg ""is the only person who could have made this movie and the last person who should have been allowe‚Ä¶ https://t.co/m9H7reZA3R",2018-03-29 04:21:04+00:00,NYTimes
407,0.0,0.0,1.0,0.0,"Anbang Was Seized by China. Now, It Has a Deal for You. https://t.co/3ZEHUjWgat",2018-03-29 04:08:47+00:00,NYTimes
408,0.7783,0.0,0.672,0.328,RT @maggieNYT: Trump called a supporter with a large megaphone - @therealroseanne - to thank her and congratulate her after the Roseanne re‚Ä¶,2018-03-29 04:02:02+00:00,NYTimes
409,0.2263,0.249,0.395,0.356,"Mireille Knoll, Murdered Holocaust Survivor, Is Honored in Paris https://t.co/CK02eLDlje",2018-03-29 03:54:55+00:00,NYTimes
410,-0.8625,0.407,0.593,0.0,New police finding in Skripal poisoning case narrows the possibilities for how the victims were sickened https://t.co/8jQNusfhdi,2018-03-29 03:47:00+00:00,NYTimes
411,-0.6705,0.285,0.633,0.081,A top Morgan Stanley broker was repeatedly accused of violence against ex-wives and girlfriends. Bank managers were‚Ä¶ https://t.co/n5WfJMF3sA,2018-03-29 03:32:03+00:00,NYTimes
412,0.6597,0.0,0.735,0.265,Drones and computer vision have confirmed centuries-old Inuit wisdom that a few caribou lead a migration over treac‚Ä¶ https://t.co/DrVR3VdZiY,2018-03-29 03:17:06+00:00,NYTimes
413,0.0,0.0,1.0,0.0,Walmart customers looking to toss the latest issue of Cosmopolitan magazine into their shopping carts will have to‚Ä¶ https://t.co/oLMjDPeoTR,2018-03-29 03:02:01+00:00,NYTimes
414,0.0,0.0,1.0,0.0,The Second Avenue subway in NYC cost $2.5 billion per mile of track ‚Äî 5 times more than the international average.‚Ä¶ https://t.co/0u9sMZy5Bd,2018-03-29 02:47:01+00:00,NYTimes
415,0.0,0.0,1.0,0.0,"Water squirted from toy rubber ducks contains bacteria often associated with infections acquired in hospitals, a st‚Ä¶ https://t.co/wmNoGpHnmo",2018-03-29 02:32:03+00:00,NYTimes
416,-0.8834,0.34,0.66,0.0,"RT @nytimesworld: In a first, a South African woman was sent to prison for racist speech -- specifically, a slur that is offensive in her c‚Ä¶",2018-03-29 02:17:03+00:00,NYTimes
417,0.5563,0.0,0.796,0.204,"The reboot of ""Roseanne"" got off to an enormously strong start on Tuesday night https://t.co/AW9oKd48KP",2018-03-29 02:06:06+00:00,NYTimes
418,-0.296,0.216,0.784,0.0,"Ecuador cuts off Julian Assange‚Äôs internet access. Again.
https://t.co/5rRq2DTGdx",2018-03-29 01:55:04+00:00,NYTimes
419,0.5267,0.0,0.825,0.175,"The Justice Dept.'s watchdog will investigate the surveillance of a former Trump campaign official, responding to p‚Ä¶ https://t.co/UQfGlfh03r",2018-03-29 01:44:02+00:00,NYTimes
420,0.0,0.0,1.0,0.0,"Days after researchers announced that a tiny mummy once rumored to be an alien was actually a human infant, Chilean‚Ä¶ https://t.co/pn29RpMNdu",2018-03-29 01:32:06+00:00,NYTimes
421,0.0,0.0,1.0,0.0,Evening Briefing: Here's what you need to know at the end of the day https://t.co/9ykDo2yYvp,2018-03-29 01:16:21+00:00,NYTimes
422,-0.6486,0.17,0.83,0.0,"RT @jdelreal: Two police officers, 10 minutes, 20 bullets. Another young black man dead, this time in his grandmother‚Äôs backyard in Califor‚Ä¶",2018-03-29 01:00:09+00:00,NYTimes
423,0.5775,0.0,0.792,0.208,RT @nytopinion: .@RickyGervais is not alone in presenting himself as a noble bulwark against a wave of supposed left-wing censorship. And a‚Ä¶,2018-03-29 00:47:03+00:00,NYTimes
424,0.5719,0.103,0.651,0.245,"Dr. Cacioppo once explained, by an insight he had after surviving a near-fatal car crash: that love and social conn‚Ä¶ https://t.co/FHUVIeyJop",2018-03-29 00:32:06+00:00,NYTimes
425,-0.296,0.155,0.845,0.0,All the major firings and resignations in the Trump administration ‚Äî so far https://t.co/SBd0eoufFP,2018-03-29 00:17:02+00:00,NYTimes
426,0.3182,0.0,0.887,0.113,"Under Ben Carson, HUD is attempting to scale back federal efforts to enforce fair housing laws, sidelining official‚Ä¶ https://t.co/DJQGb8AfBo",2018-03-29 00:02:07+00:00,NYTimes
427,-0.6808,0.237,0.763,0.0,The ‚Äúcatastrophic‚Äù failure of a storage tank this month at an Ohio fertility clinic caused the apparent loss of mor‚Ä¶ https://t.co/52b9GDuT1Z,2018-03-28 23:47:02+00:00,NYTimes
428,0.6908,0.0,0.737,0.263,"Thousands gathered in Paris to honor Mireille Knoll, an 85-year-old grandmother and Holocaust survivor who was murd‚Ä¶ https://t.co/l1fwvli1BF",2018-03-28 23:32:04+00:00,NYTimes
429,0.0,0.0,1.0,0.0,"RT @nytgraphics: David Shulkin lasted 408 days in the Trump administration, longer than many. https://t.co/yOiUwbJLp9 https://t.co/xL83LH8d‚Ä¶",2018-03-28 23:17:01+00:00,NYTimes
430,-0.3182,0.108,0.892,0.0,"The ghost with the most is back. A musical adaptation of ""Beetlejuice"" will be staged in Washington this fall, and‚Ä¶ https://t.co/v1Ra0OOWem",2018-03-28 23:02:06+00:00,NYTimes
431,0.0,0.0,1.0,0.0,Evening Briefing: Here's what you need to know at the end of the day https://t.co/DoqQNdaj9f,2018-03-28 22:47:03+00:00,NYTimes
432,0.0,0.0,1.0,0.0,"Archaeologists believe the 13,000-year-old human footprints to be the earliest found so far in North America https://t.co/dF2hoORZH4",2018-03-28 22:32:04+00:00,NYTimes
433,0.0,0.0,1.0,0.0,"Until last week, Donald Glover was working on an FX animated series about the superhero Deadpool. By this week, the‚Ä¶ https://t.co/IkkNwo5R1V",2018-03-28 22:17:04+00:00,NYTimes
434,0.0,0.0,1.0,0.0,RT @HannaIngber: Last week we turned to @nytimes readers to have a conversation about our coverage of the Austin bombings. We heard from re‚Ä¶,2018-03-28 22:08:01+00:00,NYTimes
435,0.4404,0.0,0.854,0.146,"President Trump called his personal physician, Dr. Ronny L. Jackson, ‚Äúhighly respected‚Äù and thanked David Shulkin f‚Ä¶ https://t.co/vJPtb8hDUx",2018-03-28 22:01:00+00:00,NYTimes
436,0.0,0.0,1.0,0.0,Breaking News: The Veterans Affairs chief is the latest cabinet official to go. President Trump plans to replace Da‚Ä¶ https://t.co/I3kd7Q64VU,2018-03-28 21:48:58+00:00,NYTimes
437,0.4019,0.0,0.876,0.124,RT @peterbakernyt: Shulkin‚Äôs ouster climaxed a sharp fall from favor for the only Obama holdover in the Cabinet and a politically moderate‚Ä¶,2018-03-28 21:40:26+00:00,NYTimes
438,0.0,0.0,1.0,0.0,What to expect from the housing market this spring https://t.co/FYAWjjlSiL,2018-03-28 21:32:03+00:00,NYTimes
439,0.0,0.0,1.0,0.0,RT @migold: Where Can You Find Cosmopolitan At Walmart? Hint: It‚Äôs Not at the Checkout Any More! https://t.co/GrTRvvwm6W,2018-03-28 21:16:06+00:00,NYTimes
440,0.0,0.0,1.0,0.0,"Hungary's far-right prime minister Viktor Orban uses billboards, TV campaigns and even school textbooks to influenc‚Ä¶ https://t.co/SBikh8b4xN",2018-03-28 21:00:09+00:00,NYTimes
441,0.0,0.0,1.0,0.0,"Here‚Äôs how @bxchen scrubbed his Twitter and Facebook timelines ‚Äî and what 
he learned https://t.co/7TCMIzIfeo",2018-03-28 20:45:04+00:00,NYTimes
442,0.0,0.0,1.0,0.0,Our tech columnist @kevinroose offers 3 possible ways to fix social media https://t.co/msbncv0nmO,2018-03-28 20:30:15+00:00,NYTimes
443,-0.6705,0.285,0.633,0.081,A top Morgan Stanley broker was repeatedly accused of violence against ex-wives and girlfriends. Bank managers were‚Ä¶ https://t.co/HNAA5K823C,2018-03-28 20:15:05+00:00,NYTimes
444,-0.296,0.115,0.885,0.0,"Shifting schedules have long been a complaint in the retail industry, and a Gap study suggests that they're a lose-‚Ä¶ https://t.co/XtKUHxaLyP",2018-03-28 20:00:06+00:00,NYTimes
445,-0.438,0.153,0.847,0.0,"Your rubber duck spends a lot of time in the bath, but that doesn't mean it's clean https://t.co/5QtZDt3qhw",2018-03-28 19:45:10+00:00,NYTimes
446,0.4588,0.0,0.812,0.188,"RT @nytopinion: We at @NYTOpinion welcome feedback, including in form of dog GIFs. https://t.co/sY338V4RD7",2018-03-28 19:37:05+00:00,NYTimes
447,0.0,0.0,1.0,0.0,"Steven Spielberg ""is the only person who could have made this movie and the last person who should have been allowe‚Ä¶ https://t.co/xGUhUZJPgl",2018-03-28 19:30:10+00:00,NYTimes
448,0.0,0.0,1.0,0.0,"In @NYTOpinion 

Op-Ed Contributor Jacob Tobia writes, ""For over a decade, the unspoken rule of gay cinema and tele‚Ä¶ https://t.co/CTOVOn7TcJ",2018-03-28 19:15:03+00:00,NYTimes
449,0.5563,0.0,0.796,0.204,"The reboot of ""Roseanne"" got off to an enormously strong start on Tuesday night https://t.co/SiWzv2EpPP",2018-03-28 19:00:05+00:00,NYTimes
450,0.4404,0.0,0.854,0.146,"Heineken pulled a series of commercials for light beer that featured the tagline ‚Äúsometimes, lighter is better"" aft‚Ä¶ https://t.co/v5OcxoCrpi",2018-03-28 18:45:09+00:00,NYTimes
451,0.6531,0.0,0.737,0.263,"The Supreme Court has never struck down a voting district as an unconstitutional partisan gerrymander, and allowing‚Ä¶ https://t.co/gcleYowCnq",2018-03-28 18:30:12+00:00,NYTimes
452,-0.7096,0.297,0.643,0.06,A waiter in Canada has filed a complaint after he was fired for being aggressive and combative. His defense? He‚Äôs F‚Ä¶ https://t.co/FxkAYLi1ub,2018-03-28 18:15:08+00:00,NYTimes
453,-0.8074,0.417,0.583,0.0,A federal judge refused to dismiss a lawsuit accusing President Trump of violating the Constitution by not divorcin‚Ä¶ https://t.co/Ya0ww0X8GQ,2018-03-28 18:00:13+00:00,NYTimes
454,0.296,0.0,0.885,0.115,"President Trump‚Äôs lawyer discussed pardons for 2 ex-top aides last year, suggesting concern about what they might t‚Ä¶ https://t.co/zGAAMa90pK",2018-03-28 17:47:40+00:00,NYTimes
455,0.296,0.0,0.891,0.109,"Trump‚Äôs lawyer discussed pardons for 2 ex-top aides last year, suggesting concern about what they might tell the sp‚Ä¶ https://t.co/loVNcik2rm",2018-03-28 17:45:09+00:00,NYTimes
456,-0.7003,0.227,0.731,0.042,"Hundreds of people filled the lobby at Sacramento City Hall on Tuesday to protest the death of Stephon Clark, who w‚Ä¶ https://t.co/aqr3CzDXpR",2018-03-28 17:30:05+00:00,NYTimes
457,0.0,0.0,1.0,0.0,"RT @PatriciaMazzei: In Orlando today for closing statements in the trial against Noor Salman, the widow of Pulse nightclub shooter Omar Mat‚Ä¶",2018-03-28 17:20:12+00:00,NYTimes
458,0.0,0.0,1.0,0.0,"In Room 306 at the Lorraine Motel, you can see the door onto the balcony. Looking through it you can see the spot w‚Ä¶ https://t.co/6ZGo2cTzNB",2018-03-28 17:10:05+00:00,NYTimes
459,0.2023,0.0,0.913,0.087,"Rick Gates, a top Trump campaign aide, had frequent phone calls in September and October 2016 with a person the FBI‚Ä¶ https://t.co/ScUBbx09Xa",2018-03-28 16:55:03+00:00,NYTimes
460,0.296,0.0,0.885,0.115,"Anti-Trump groups are working to unseat breakaway Democrats in Albany who have aligned with Republicans, helping th‚Ä¶ https://t.co/ZSn9dqIAEx",2018-03-28 16:40:03+00:00,NYTimes
461,-0.4588,0.151,0.772,0.077,Kim Jong-un's surprise visit to Beijing was a reminder of how much he has set the agenda in the crisis over North K‚Ä¶ https://t.co/mwcCpJKaen,2018-03-28 16:25:07+00:00,NYTimes
462,0.8225,0.0,0.752,0.248,"RT @nytgraphics: What Democrats need to do to take control of Congress: 

1. Win 28 Senate races (Republicans only need to win 9 to keep th‚Ä¶",2018-03-28 16:15:04+00:00,NYTimes
463,0.8126,0.0,0.543,0.457,"Bright, bold and richly flavored, these aren't your typical fish cakes https://t.co/xZQDqFg0mk https://t.co/eowfvU22Ts",2018-03-28 16:05:07+00:00,NYTimes
464,-0.6369,0.257,0.743,0.0,"Jared Kushner and Jeff Sessions are clashing over federal prison policy, confusing lawmakers and leaving prisoners‚Ä¶ https://t.co/EEiWlO4VuI",2018-03-28 15:50:05+00:00,NYTimes
465,0.0,0.0,1.0,0.0,RT @NYTNational: Atlanta‚Äôs city government has been partially paralyzed for days by a cyberattack. Traffic tickets can't be paid online. Wi‚Ä¶,2018-03-28 15:39:09+00:00,NYTimes
466,0.3278,0.0,0.827,0.173,Elements that make a podcast spark don‚Äôt always translate seamlessly to TV. But that's not stopping Hollywood from‚Ä¶ https://t.co/D0wWi2XJQB,2018-03-28 15:25:05+00:00,NYTimes
467,-0.2023,0.231,0.769,0.0,The highs and lows of testosterone https://t.co/KL5JNKPwDy,2018-03-28 15:10:04+00:00,NYTimes
468,0.0,0.0,1.0,0.0,RT @NYTFashion: Saudi Arabia will host its first ever fashion week next month (after a two week delay). Here's what to expect: https://t.co‚Ä¶,2018-03-28 15:00:03+00:00,NYTimes
469,0.4404,0.0,0.828,0.172,Will taxpayers have to bail out the Pro Football Hall of Fame in Ohio? https://t.co/2BbZW0Mih5,2018-03-28 14:45:05+00:00,NYTimes
470,0.0,0.0,1.0,0.0,Atlanta‚Äôs city government has been hobbled by a cyberattack and is doing some business with ink and paper. Security‚Ä¶ https://t.co/JEbTiuZ7zw,2018-03-28 14:30:12+00:00,NYTimes
471,-0.9231,0.451,0.549,0.0,The officer was killed after he voluntarily exchanged himself for a female hostage during a terrorist attack in Fra‚Ä¶ https://t.co/qyzVCzdROk,2018-03-28 14:15:06+00:00,NYTimes
472,0.0,0.0,1.0,0.0,How the Chinese and North Korean news media portrayed the meeting between Xi Jinping and Kim Jong-un https://t.co/GfQOFPqIf0,2018-03-28 14:00:12+00:00,NYTimes
473,0.0,0.0,1.0,0.0,"""I think it is completely reasonable to say that there could have been a different outcome of the referendum had th‚Ä¶ https://t.co/8fhRZ13NjF",2018-03-28 13:45:07+00:00,NYTimes
474,0.8625,0.0,0.593,0.407,"""It's like a beauty pageant. The fish cannot be fat. It must look strong and have personality."" https://t.co/QY2HdEdUQH",2018-03-28 13:30:07+00:00,NYTimes
475,-0.4404,0.243,0.638,0.119,The Motion Picture Academy concluded that an allegation of sexual harassment against its president had no merit https://t.co/DhiZeF7tHZ,2018-03-28 13:14:07+00:00,NYTimes
476,0.0,0.0,1.0,0.0,Morning Briefing: Here's what you need to know to start your day https://t.co/yLdObb0e0R https://t.co/NbpPRQafVf,2018-03-28 13:00:17+00:00,NYTimes
477,0.4215,0.094,0.703,0.203,RT @MattAndersonNYT: The Russian director Kirill Serebrennikov is still under house arrest in Moscow. A festival of his plays and films at‚Ä¶,2018-03-28 12:44:03+00:00,NYTimes
478,-0.5423,0.163,0.837,0.0,The Academy of Motion Picture Arts and Sciences concluded that an allegation of sexual harassment against its presi‚Ä¶ https://t.co/9h1ugEvuBz,2018-03-28 12:30:03+00:00,NYTimes
479,0.34,0.0,0.882,0.118,Facebook said it will roll out a centralized system for its users to control their privacy and security settings https://t.co/DxHZ5eNRDa,2018-03-28 12:15:05+00:00,NYTimes
480,-0.0397,0.116,0.774,0.109,"Trevor Noah is not impressed by John Bolton, President Trump's new pick for national security adviser. Our late-nig‚Ä¶ https://t.co/pwzaU3scX5",2018-03-28 12:05:06+00:00,NYTimes
481,0.0,0.0,1.0,0.0,Atlanta's municipal government has been brought to its knees by one of the most sustained and consequential cyberat‚Ä¶ https://t.co/DG6umSDQL5,2018-03-28 11:44:02+00:00,NYTimes
482,0.0,0.0,1.0,0.0,"The National Civil Rights Museum in Memphis is a monument to a movement, and to the Rev. Dr. Martin Luther King Jr. https://t.co/b9MJfvYXiF",2018-03-28 11:31:08+00:00,NYTimes
483,0.0,0.0,1.0,0.0,"President Trump said that the Second Amendment ‚Äî the right to bear arms ‚Äî ""will never be repealed,"" responding to a‚Ä¶ https://t.co/iYAMbvHi9Z",2018-03-28 11:15:09+00:00,NYTimes
484,0.34,0.0,0.862,0.138,"John Bolton, President Trump's choice for national security adviser, was portrayed during a 2005 Senate confirmatio‚Ä¶ https://t.co/Eq0eq04Pb9",2018-03-28 11:00:08+00:00,NYTimes
485,0.0,0.0,1.0,0.0,"Some voters said they had been paid, from about $3 to $9, to vote. In several areas, government officials promised‚Ä¶ https://t.co/3l3sroqZll",2018-03-28 10:45:05+00:00,NYTimes
486,-0.6124,0.263,0.737,0.0,North Korea is firing up a reactor. Why that could upset Trump's talks with Kim. https://t.co/dIimnicgw7 https://t.co/F6kbTGtJDr,2018-03-28 10:30:10+00:00,NYTimes
487,0.2732,0.0,0.913,0.087,"RT @LizziePaton: Is fast fashion going out of, well, fashion? H&amp;M, the world‚Äôs second largest retailer by sales, is currently sitting on a‚Ä¶",2018-03-28 10:15:04+00:00,NYTimes
488,0.0,0.0,1.0,0.0,Morning¬†Briefing: Here's what you need to know to start your day https://t.co/qSirjFsTQK https://t.co/Rtc5I5NHou,2018-03-28 10:05:05+00:00,NYTimes
489,0.4215,0.0,0.872,0.128,"Kim Jong-un told Xi Jinping that he was open to dialogue with the United States, including a potential summit meeti‚Ä¶ https://t.co/7mnXpfQdMX",2018-03-28 09:44:06+00:00,NYTimes
490,-0.5574,0.135,0.865,0.0,"RT @nytimesworld: ‚ÄúI am thinking about the family of the butcher, about the customer who died for nothing, and about the colonel who sacrif‚Ä¶",2018-03-28 09:29:02+00:00,NYTimes
491,0.1045,0.158,0.658,0.184,The United Nations' most haunting mystery received new life on Tuesday https://t.co/Cp0HnO48qu,2018-03-28 09:16:05+00:00,NYTimes
492,-0.296,0.147,0.756,0.097,"RT @nytimesworld: Egypt‚Äôs presidential election is shaping up to be a low-watt and joyless affair, the antithesis of the youthful passions‚Ä¶",2018-03-28 09:00:22+00:00,NYTimes
493,-0.5267,0.159,0.841,0.0,"In an 8th-grade history textbook, students are told that Viktor Orban thinks refugees are a threat to Hungary. ""It‚Ä¶ https://t.co/zGSK0PZDXF",2018-03-28 08:44:04+00:00,NYTimes
494,-0.4404,0.132,0.868,0.0,At least 12 states signaled that they would sue to block the Trump administration from adding a question about citi‚Ä¶ https://t.co/zg2L5EURJP,2018-03-28 08:30:07+00:00,NYTimes
495,0.0,0.0,1.0,0.0,The connections between Cambridge Analytica and Peter Thiel's firm Palantir were thrust into the spotlight by Chris‚Ä¶ https://t.co/X9OaPT2uvR,2018-03-28 08:16:01+00:00,NYTimes
496,0.4767,0.09,0.687,0.223,"RT @nytpolitics: Kirstjen Nielsen, the homeland security secretary, recently warned dozens of foreign diplomats that the United States woul‚Ä¶",2018-03-28 08:02:04+00:00,NYTimes
497,0.0,0.0,1.0,0.0,These almond cookies need just 4 ingredients https://t.co/5NNOTBW0n5,2018-03-28 07:47:02+00:00,NYTimes
498,0.4588,0.0,0.8,0.2,‚ÄúSpain is creating a situation where Europe‚Äôs judges rather than its politicians are being asked to solve Catalonia‚Ä¶ https://t.co/k0HaUIVIYU,2018-03-28 07:32:04+00:00,NYTimes
499,0.0,0.0,1.0,0.0,RT @nytimesworld: A German gynecologist who provided patients information about abortion has stoked a debate over the Nazi-era law that ban‚Ä¶,2018-03-28 07:17:03+00:00,NYTimes
